timestamp,mocap_x_m,mocap_y_m,mocap_z_m,mocap_yaw,ui_target_yaw,controller_final_yaw,proposed_vx,proposed_vy,proposed_yaw_rate,safe_vx,safe_vy,safe_yaw_rate
1785522175.0628092,0.5921714477539063,0.25586398315429687,0.40308523559570314,0.791752075936247,nan,nan,0.0,0.0,0.0,0.0,0.0,0.0
1785522175.11232,0.5921505126953125,0.2560491943359375,0.40305499267578127,0.7916411179303481,nan,nan,0.0,0.0,0.0,0.0,0.0,0.0
1785522175.1623168,0.5924324951171875,0.256212158203125,0.40297021484375,0.7910439082900937,nan,nan,0.0,0.0,0.0,0.0,0.0,0.0
1785522175.2123122,0.5923447265625,0.2559469451904297,0.40298483276367186,0.7913654767910081,nan,nan,0.0,0.0,0.0,0.0,0.0,0.0
1785522175.2626326,0.5921724853515625,0.255835205078125,0.40310580444335936,0.7914168303778453,nan,nan,0.0,0.0,0.0,0.0,0.0,0.0
1785522175.3128307,0.5922836303710938,0.2561412353515625,0.4030214538574219,0.7916070362745314,nan,nan,0.0,0.0,0.0,0.0,0.0,0.0
1785522175.3623595,0.5924462890625,0.25629568481445314,0.4029327697753906,0.7911824743191516,nan,nan,0.0,0.0,0.0,0.0,0.0,0.0
1785522175.4129055,0.592377197265625,0.25608645629882815,0.4030265197753906,0.7913776394720842,nan,nan,0.0,0.0,0.0,0.0,0.0,0.0
1785522175.4629352,0.5923838500976563,0.255978759765625,0.4030140380859375,0.7913082889689222,nan,nan,0.0,0.0,0.0,0.0,0.0,0.0
1785522175.5128288,0.5921400756835937,0.2558284759521484,0.40299658203125,0.7917832141430357,nan,nan,0.0,0.0,0.0,0.0,0.0,0.0
1785522175.5623136,0.5922584228515625,0.25610968017578123,0.4029420471191406,0.7916796181199112,nan,nan,0.0,0.0,0.0,0.0,0.0,0.0
1785522175.6123033,0.592424560546875,0.2562262573242188,0.4033287353515625,0.7908311914800632,nan,nan,0.0,0.0,0.0,0.0,0.0,0.0
1785522175.6633606,0.5923473510742188,0.2559854278564453,0.4029993591308594,0.7916536223812616,nan,nan,0.0,0.0,0.0,0.0,0.0,0.0
1785522175.712831,0.59212353515625,0.25577061462402345,0.40315325927734375,0.7914778801801933,nan,nan,0.0,0.0,0.0,0.0,0.0,0.0
1785522175.7628005,0.5923047485351562,0.25597792053222657,0.40300942993164063,0.7913938804079889,nan,nan,0.0,0.0,0.0,0.0,0.0,0.0
1785522175.8123274,0.592203369140625,0.2561470031738281,0.4030152587890625,0.7911561973948943,nan,nan,0.0,0.0,0.0,0.0,0.0,0.0
1785522175.8627362,0.5924688110351563,0.2562703857421875,0.4033139038085938,0.7908415011014394,nan,nan,0.0,0.0,0.0,0.0,0.0,0.0
1785522175.9123254,0.5922586059570313,0.25594975280761717,0.40301654052734376,0.7920100508138941,nan,nan,0.0,0.0,0.0,0.0,0.0,0.0
1785522175.9628606,0.5921866455078125,0.2558575897216797,0.40306298828125003,0.791047313985125,nan,nan,0.0,0.0,0.0,0.0,0.0,0.0
1785522176.0123105,0.592427490234375,0.2561056823730469,0.4032506103515625,0.790304203425865,nan,nan,0.0,0.0,0.0,0.0,0.0,0.0
1785522176.062381,0.5923857421875001,0.25630065917968753,0.40299511718750003,0.7912444595514977,nan,nan,0.0,0.0,0.0,0.0,0.0,0.0
1785522176.1128597,0.5923983764648437,0.25605767822265624,0.4029192810058594,0.7918781993890968,nan,nan,0.0,0.0,0.0,0.0,0.0,0.0
1785522176.1629636,0.5922431030273437,0.25589024353027345,0.4030405883789063,0.79165698738751,nan,nan,0.0,0.0,0.0,0.0,0.0,0.0
1785522176.2123177,0.5921700439453125,0.25590423583984373,0.40305950927734374,0.791393648113925,nan,nan,0.0,0.0,0.0,0.0,0.0,0.0
1785522176.2623146,0.5923729858398438,0.2562044677734375,0.40297802734375,0.791552030911425,nan,nan,0.0,0.0,0.0,0.0,0.0,0.0
1785522176.312861,0.5924374389648438,0.25609869384765627,0.4029443359375,0.7914524190609843,nan,nan,0.0,0.0,0.0,0.0,0.0,0.0
1785522176.362586,0.5922333374023437,0.2559396209716797,0.40308279418945314,0.7917685210079538,nan,nan,0.0,0.0,0.0,0.0,0.0,0.0
1785522176.4123197,0.59212158203125,0.255850830078125,0.4030304870605469,0.7920029596518467,nan,nan,0.0,0.0,0.0,0.0,0.0,0.0
1785522176.4627872,0.5921930541992187,0.25601605224609375,0.40303533935546876,0.7913847695352468,nan,nan,0.0,0.0,0.0,0.0,0.0,0.0
1785522176.5123408,0.5924151000976563,0.25627374267578124,0.403289794921875,0.7910125722272183,nan,nan,0.0,0.0,0.0,0.0,0.0,0.0
1785522176.562338,0.5923934936523437,0.2560556640625,0.40298046875,0.7920953967885426,nan,nan,0.0,0.0,0.0,0.0,0.0,0.0
1785522176.6123197,0.5922039794921875,0.25569781494140625,0.40299871826171874,0.7919090385956519,nan,nan,0.0,0.0,0.0,0.0,0.0,0.0
1785522176.6623662,0.5921150512695312,0.2560159301757813,0.4030533447265625,0.7914859225887657,nan,nan,0.0,0.0,0.0,0.0,0.0,0.0
1785522176.7128243,0.5922598266601563,0.2562694396972656,0.4029844665527344,0.7914585893266635,nan,nan,0.0,0.0,0.0,0.0,0.0,0.0
1785522176.762333,0.5923635864257812,0.25624392700195314,0.402942626953125,0.791156238597802,nan,nan,0.0,0.0,0.0,0.0,0.0,0.0
1785522176.8123143,0.59234326171875,0.25597787475585937,0.4029874267578125,0.791997022450307,nan,nan,0.0,0.0,0.0,0.0,0.0,0.0
1785522176.8627455,0.5922702026367188,0.2557816619873047,0.4030758972167969,0.7914410291313685,nan,nan,0.0,0.0,0.0,0.0,0.0,0.0
1785522176.9123116,0.5921683349609375,0.25605157470703127,0.4029949951171875,0.7916482298790193,nan,nan,0.0,0.0,0.0,0.0,0.0,0.0
1785522176.9629374,0.5923135986328125,0.2562427062988281,0.40298590087890623,0.7917304531577801,nan,nan,0.0,0.0,0.0,0.0,0.0,0.0
1785522177.012861,0.592330810546875,0.25607196044921876,0.4030299682617188,0.7914544202600918,nan,nan,0.0,0.0,0.0,0.0,0.0,0.0
1785522177.0627007,0.5922785034179687,0.25590623474121094,0.4030035400390625,0.7919371737357235,nan,nan,0.0,0.0,0.0,0.0,0.0,0.0
1785522177.1128862,0.5921915893554688,0.2559448699951172,0.4030321655273438,0.7914616012203938,nan,nan,0.0,0.0,0.0,0.0,0.0,0.0
1785522177.1630225,0.5922122802734375,0.2560716552734375,0.40297335815429686,0.7913845844610002,nan,nan,0.0,0.0,0.0,0.0,0.0,0.0
1785522177.2123961,0.5923967895507812,0.25625387573242187,0.40301190185546876,0.7910931114253617,nan,nan,0.0,0.0,0.0,0.0,0.0,0.0
1785522177.2623966,0.5923032836914063,0.2560374145507813,0.4030286254882813,0.7917241508986529,nan,nan,0.0,0.0,0.0,0.0,0.0,0.0
1785522177.3123136,0.5921094970703125,0.25584332275390625,0.4030382385253906,0.7919677980018089,nan,nan,0.0,0.0,0.0,0.0,0.0,0.0
1785522177.3631372,0.592210693359375,0.25605651855468753,0.40302334594726563,0.7916292120179733,nan,nan,0.0,0.0,0.0,0.0,0.0,0.0
1785522177.4129016,0.5923255615234375,0.2562781677246094,0.40296813964843753,0.7913816010541781,nan,nan,0.0,0.0,0.0,0.0,0.0,0.0
1785522177.4623199,0.5925198974609375,0.2562227783203125,0.4032901611328125,0.790658512141601,nan,nan,0.0,0.0,0.0,0.0,0.0,0.0
1785522177.5123103,0.5923186645507813,0.2559668121337891,0.4030553588867188,0.7919804676298474,nan,nan,0.0,0.0,0.0,0.0,0.0,0.0
1785522177.5633101,0.5921580200195312,0.2557432861328125,0.4030826416015625,0.7918176173642935,nan,nan,0.0,0.0,0.0,0.0,0.0,0.0
1785522177.6123173,0.5922490844726562,0.25610610961914065,0.4030054626464844,0.7919198412642067,nan,nan,0.0,0.0,0.0,0.0,0.0,0.0
1785522177.6632886,0.59234130859375,0.2561820983886719,0.4030443115234375,0.791595667307108,nan,nan,0.0,0.0,0.0,0.0,0.0,0.0
1785522177.7128851,0.5923967895507812,0.256080078125,0.4029358215332031,0.791583150597566,nan,nan,0.0,0.0,0.0,0.0,0.0,0.0
1785522177.763288,0.5921444702148437,0.25584304809570313,0.403086181640625,0.7913877712970111,nan,nan,0.0,0.0,0.0,0.0,0.0,0.0
1785522177.8128862,0.592335693359375,0.25596148681640624,0.403338623046875,0.7901948339806738,nan,nan,0.0,0.0,0.0,0.0,0.0,0.0
1785522177.8626585,0.5922970581054687,0.2561611328125,0.4031193542480469,0.7912809329664864,nan,nan,0.0,0.0,0.0,0.0,0.0,0.0
1785522177.9123166,0.5925164184570313,0.2563069458007813,0.4033255615234375,0.7907521882054,nan,nan,0.0,0.0,0.0,0.0,0.0,0.0
1785522177.9626932,0.5922826538085938,0.25597830200195315,0.40304345703125,0.7918857807469984,nan,nan,0.0,0.0,0.0,0.0,0.0,0.0
1785522178.0128748,0.5921576538085938,0.2558927612304688,0.40296585083007813,0.7913885521052647,nan,nan,0.0,0.0,0.0,0.0,0.0,0.0
1785522178.06328,0.5921796264648438,0.25606182861328125,0.4030880126953125,0.7918012733513058,nan,nan,0.0,0.0,0.0,0.0,0.0,0.0
1785522178.112876,0.5923907470703125,0.2562922668457031,0.40298062133789064,0.7912415661048421,nan,nan,0.0,0.0,0.0,0.0,0.0,0.0
1785522178.162733,0.5924495849609375,0.25624365234375,0.40329019165039065,0.7906364303199301,nan,nan,0.0,0.0,0.0,0.0,0.0,0.0
1785522178.2123134,0.5922872924804687,0.2558015594482422,0.403036865234375,0.7920960275581052,nan,nan,0.0,0.0,0.0,0.0,0.0,0.0
1785522178.2632957,0.5920778198242188,0.25577610778808596,0.40309417724609375,0.7913920445864481,nan,nan,0.0,0.0,0.0,0.0,0.0,0.0
1785522178.312807,0.5922373046875,0.2561427307128906,0.403039794921875,0.7916105954321846,nan,nan,0.0,0.0,0.0,0.0,0.0,0.0
1785522178.3630457,0.5925368041992187,0.2563132629394531,0.40332952880859374,0.7900716627904564,nan,nan,0.0,0.0,0.0,0.0,0.0,0.0
1785522178.4128833,0.5925571899414063,0.25608206176757814,0.4032671203613281,0.7907646228753802,nan,nan,0.0,0.0,0.0,0.0,0.0,0.0
1785522178.4632754,0.5922864990234376,0.25599537658691407,0.40306768798828124,0.7915818314289306,nan,nan,0.0,0.0,0.0,0.0,0.0,0.0
1785522178.5123174,0.592095703125,0.25579769897460936,0.4031176452636719,0.791407200151379,nan,nan,0.0,0.0,0.0,0.0,0.0,0.0
1785522178.5642855,0.5922847900390625,0.2561967468261719,0.4030251770019531,0.791733232524488,nan,nan,0.0,0.0,0.0,0.0,0.0,0.0
1785522178.6128874,0.5925590209960938,0.2563831787109375,0.40325927734375,0.7900746931923338,nan,nan,0.0,0.0,0.0,0.0,0.0,0.0
1785522178.662325,0.5922920532226562,0.2558867950439453,0.4029528503417969,0.7918922172068663,nan,nan,0.0,0.0,0.0,0.0,0.0,0.0
1785522178.7127216,0.592173828125,0.25598410034179686,0.4030357666015625,0.7919874150068622,nan,nan,0.0,0.0,0.0,0.0,0.0,0.0
1785522178.7623181,0.5922567749023437,0.25618536376953127,0.40305776977539065,0.7916114693867963,nan,nan,0.0,0.0,0.0,0.0,0.0,0.0
1785522178.8123972,0.5923592529296875,0.2563101501464844,0.40297625732421877,0.7914816851133873,nan,nan,0.0,0.0,0.0,0.0,0.0,0.0
1785522178.8624113,0.5923964233398438,0.25610610961914065,0.40294436645507814,0.791674083444828,nan,nan,0.0,0.0,0.0,0.0,0.0,0.0
1785522178.9128988,0.5922186889648438,0.2559325714111328,0.4030093994140625,0.7918370777079262,nan,nan,0.0,0.0,0.0,0.0,0.0,0.0
1785522178.9630039,0.5922393798828125,0.2558910369873047,0.40303411865234373,0.7912894760692455,nan,nan,0.0,0.0,0.0,0.0,0.0,0.0
1785522179.0123487,0.592319580078125,0.25604766845703125,0.4029750061035156,0.7912667116170341,nan,nan,0.0,0.0,0.0,0.0,0.0,0.0
1785522179.0624177,0.5923355102539063,0.2561754455566406,0.4030429382324219,0.7915725423920528,nan,nan,0.0,0.0,0.0,0.0,0.0,0.0
1785522179.1123538,0.5923837890625,0.2559338531494141,0.40295404052734374,0.7919173424298862,nan,nan,0.0,0.0,0.0,0.0,0.0,0.0
1785522179.1624136,0.5920792846679688,0.2557613220214844,0.4030932312011719,0.7914802069021014,nan,nan,0.0,0.0,0.0,0.0,0.0,0.0
1785522179.21234,0.592228515625,0.25615509033203127,0.40299411010742187,0.7914479427009252,nan,nan,0.0,0.0,0.0,0.0,0.0,0.0
1785522179.2626615,0.5923526611328125,0.2562247314453125,0.4030445556640625,0.7913291075110866,nan,nan,0.0,0.0,0.0,0.0,0.0,0.0
1785522179.3123307,0.592314208984375,0.2560030212402344,0.40300094604492187,0.7918285049537716,nan,nan,0.0,0.0,0.0,0.0,0.0,0.0
1785522179.3623502,0.5921961059570313,0.25583763122558595,0.40299789428710936,0.7916597475779336,nan,nan,0.0,0.0,0.0,0.0,0.0,0.0
1785522179.4123447,0.5921311645507813,0.2558453063964844,0.403026611328125,0.7917270500613804,nan,nan,0.0,0.0,0.0,0.0,0.0,0.0
1785522179.4623375,0.5923331298828125,0.256065673828125,0.4030228271484375,0.7907619384143507,nan,nan,0.0,0.0,0.0,0.0,0.0,0.0
1785522179.5128193,0.5924046020507813,0.25623455810546875,0.40294799804687503,0.7915240219417728,nan,nan,0.0,0.0,0.0,0.0,0.0,0.0
1785522179.5631554,0.5923364868164063,0.2561622314453125,0.4028998107910156,0.7922481207131014,nan,nan,0.0,0.0,0.0,0.0,0.0,0.0
1785522179.6123157,0.5922933349609375,0.2558561706542969,0.40338357543945313,0.7908327454309557,nan,nan,0.0,0.0,0.0,0.0,0.0,0.0
1785522179.662689,0.5922521362304688,0.25606875610351565,0.4029537658691406,0.7916132829424892,nan,nan,0.0,0.0,0.0,0.0,0.0,0.0
1785522179.7130303,0.5922897338867188,0.2562673950195313,0.40303170776367186,0.7916075012030535,nan,nan,0.0,0.0,0.0,0.0,0.0,0.0
1785522179.763301,0.59237841796875,0.25616583251953123,0.40298696899414066,0.7912858872581715,nan,nan,0.0,0.0,0.0,0.0,0.0,0.0
1785522179.8128812,0.5922828979492187,0.255845703125,0.403103271484375,0.7916683565441567,nan,nan,0.0,0.0,0.0,0.0,0.0,0.0
1785522179.8623145,0.592199951171875,0.25591564941406253,0.4029836120605469,0.7914523518038913,nan,nan,0.0,0.0,0.0,0.0,0.0,0.0
1785522179.9128978,0.5922941284179688,0.25598165893554686,0.402992919921875,0.7912321072004431,nan,nan,0.0,0.0,0.0,0.0,0.0,0.0
1785522179.963275,0.5923209838867187,0.25624240112304686,0.40298736572265625,0.7907895803962381,nan,nan,0.0,0.0,0.0,0.0,0.0,0.0
1785522180.012311,0.592446533203125,0.2560640563964844,0.4030013427734375,0.7921032289284168,nan,nan,0.0,0.0,0.0,0.0,0.0,0.0
1785522180.0644493,0.5922529907226562,0.2558623352050781,0.40305389404296876,0.7916850162198535,nan,nan,0.0,0.0,0.0,0.0,0.0,0.0
1785522180.1123734,0.5921885375976562,0.25587184143066405,0.4030230712890625,0.7911933506163964,nan,nan,0.0,0.0,0.0,0.0,0.0,0.0
1785522180.1623368,0.5923463745117188,0.25625546264648436,0.40298373413085936,0.7905309146457041,nan,nan,0.0,0.0,0.0,0.0,0.0,0.0
1785522180.212817,0.5925069580078125,0.25629232788085937,0.40332305908203125,0.7908235362376023,nan,nan,0.0,0.0,0.0,0.0,0.0,0.0
1785522180.2623122,0.5923026123046875,0.2560018615722656,0.40297903442382815,0.791975441213611,nan,nan,0.0,0.0,0.0,0.0,0.0,0.0
1785522180.3123367,0.5920797119140625,0.255786865234375,0.40304257202148436,0.7913229297481216,nan,nan,0.0,0.0,0.0,0.0,0.0,0.0
1785522180.3625143,0.5922244262695313,0.25606927490234377,0.4030084228515625,0.7917192552513251,nan,nan,0.0,0.0,0.0,0.0,0.0,0.0
1785522180.4123125,0.5923214721679687,0.25619863891601563,0.4030625,0.7914444098505401,nan,nan,0.0,0.0,0.0,0.0,0.0,0.0
1785522180.464247,0.5924689331054688,0.25604217529296874,0.4029862976074219,0.7918693452024376,nan,nan,0.0,0.0,0.0,0.0,0.0,0.0
1785522180.5126815,0.5923828735351563,0.25594444274902345,0.402944091796875,0.792071752681602,nan,nan,0.0,0.0,0.0,0.0,0.0,0.0
1785522180.5622962,0.592237060546875,0.25583753967285155,0.4034100036621094,0.7910876529596812,nan,nan,0.0,0.0,0.0,0.0,0.0,0.0
1785522180.6126275,0.5922158813476562,0.25607794189453126,0.40300091552734374,0.7912225144531391,nan,nan,0.0,0.0,0.0,0.0,0.0,0.0
1785522180.6623871,0.5923763427734375,0.2561186828613281,0.4029725036621094,0.7911397577971604,nan,nan,0.0,0.0,0.0,0.0,0.0,0.0
1785522180.7128112,0.5923475952148438,0.25598619079589846,0.4030708618164063,0.7918870726200218,nan,nan,0.0,0.0,0.0,0.0,0.0,0.0
1785522180.763268,0.5922577514648437,0.2558157653808594,0.4030129699707031,0.7918273404695925,nan,nan,0.0,0.0,0.0,0.0,0.0,0.0
1785522180.8128934,0.5921243286132812,0.25594262695312503,0.40302639770507814,0.7913852092676451,nan,nan,0.0,0.0,0.0,0.0,0.0,0.0
1785522180.8629224,0.5922449340820313,0.25616949462890626,0.40300357055664066,0.7914741840970729,nan,nan,0.0,0.0,0.0,0.0,0.0,0.0
1785522180.912319,0.5924054565429687,0.25630825805664065,0.4030203857421875,0.7917320614998244,nan,nan,0.0,0.0,0.0,0.0,0.0,0.0
1785522180.962366,0.592253173828125,0.25584576416015625,0.4030536804199219,0.7913952892372076,nan,nan,0.0,0.0,0.0,0.0,0.0,0.0
1785522181.0128577,0.59216015625,0.25575082397460935,0.40300711059570316,0.7916168202162052,nan,nan,0.0,0.0,0.0,0.0,0.0,0.0
1785522181.0624173,0.5922313232421875,0.2559486846923828,0.403016845703125,0.7912500524324904,nan,nan,0.0,0.0,0.0,0.0,0.0,0.0
1785522181.1128228,0.5923465576171875,0.25611587524414064,0.40305963134765627,0.7913604383416115,nan,nan,0.0,0.0,0.0,0.0,0.0,0.0
1785522181.1623368,0.592388916015625,0.2561662292480469,0.4029520874023438,0.7917130752167717,nan,nan,0.0,0.0,0.0,0.0,0.0,0.0
1785522181.2156758,0.5923423461914062,0.2560517578125,0.4030295715332031,0.7921714977583989,nan,nan,0.0,0.0,0.0,0.0,0.0,0.0
1785522181.2623851,0.5921709594726563,0.2560315246582031,0.40297430419921876,0.7918419588355129,nan,nan,0.0,0.0,0.0,0.0,0.0,0.0
1785522181.3128781,0.59232568359375,0.25617718505859377,0.40298306274414064,0.791829150029714,nan,nan,0.0,0.0,0.0,0.0,0.0,0.0
1785522181.3623145,0.592422119140625,0.25614944458007816,0.40302471923828126,0.7914365442878356,nan,nan,0.0,0.0,0.0,0.0,0.0,0.0
1785522181.4129543,0.5923899536132813,0.25613482666015625,0.4029816589355469,0.7918421409107709,nan,nan,0.0,0.0,0.0,0.0,0.0,0.0
1785522181.4623134,0.5921885986328125,0.25579190063476565,0.40303945922851564,0.7919144053426667,nan,nan,0.0,0.0,0.0,0.0,0.0,0.0
1785522181.5129232,0.5921774291992188,0.2560323791503906,0.40295867919921874,0.7916276053918292,nan,nan,0.0,0.0,0.0,0.0,0.0,0.0
1785522181.5623133,0.592354248046875,0.25626980590820314,0.4029562683105469,0.7916244656776168,nan,nan,0.0,0.0,0.0,0.0,0.0,0.0
1785522181.6123145,0.5924942626953125,0.2560878601074219,0.40333816528320315,0.790100176579097,nan,nan,0.0,0.0,0.0,0.0,0.0,0.0
1785522181.6623096,0.5922367553710938,0.2556991271972656,0.4030489196777344,0.7920104242049668,nan,nan,0.0,0.0,0.0,0.0,0.0,0.0
1785522181.7123103,0.5922026367187501,0.2559220886230469,0.40306072998046877,0.79165565518818,nan,nan,0.0,0.0,0.0,0.0,0.0,0.0
1785522181.7623203,0.592320068359375,0.25612469482421873,0.40296319580078127,0.791191053548811,nan,nan,0.0,0.0,0.0,0.0,0.0,0.0
1785522181.8123157,0.5924103393554687,0.25622705078125,0.40300921630859377,0.7911481280813243,nan,nan,0.0,0.0,0.0,0.0,0.0,0.0
1785522181.8623877,0.5924187622070313,0.25603781127929687,0.40299874877929687,0.7917487206838101,nan,nan,0.0,0.0,0.0,0.0,0.0,0.0
1785522181.9137347,0.59220166015625,0.25583691406250003,0.40308218383789063,0.7918418399387185,nan,nan,0.0,0.0,0.0,0.0,0.0,0.0
1785522181.96328,0.5923672485351562,0.2560971984863281,0.4033384399414063,0.7909126875778939,nan,nan,0.0,0.0,0.0,0.0,0.0,0.0
1785522182.0123034,0.5923550415039063,0.2561761169433594,0.40295440673828126,0.7914597763770838,nan,nan,0.0,0.0,0.0,0.0,0.0,0.0
1785522182.0623114,0.592438720703125,0.2562237548828125,0.4029385986328125,0.7911082452953033,nan,nan,0.0,0.0,0.0,0.0,0.0,0.0
1785522182.1123052,0.5922495117187501,0.25585328674316404,0.4030269775390625,0.7919850662431478,nan,nan,0.0,0.0,0.0,0.0,0.0,0.0
1785522182.1633172,0.5922213745117187,0.2558284149169922,0.4030968017578125,0.7916734330767591,nan,nan,0.0,0.0,0.0,0.0,0.0,0.0
1785522182.212822,0.5921531372070312,0.255955078125,0.4030787963867188,0.7913413206675165,nan,nan,0.0,0.0,0.0,0.0,0.0,0.0
1785522182.2633138,0.592371337890625,0.2561336059570313,0.402976806640625,0.7917847020890137,nan,nan,0.0,0.0,0.0,0.0,0.0,0.0
1785522182.3128912,0.5923552246093751,0.2560621032714844,0.4030435485839844,0.7918649235299086,nan,nan,0.0,0.0,0.0,0.0,0.0,0.0
1785522182.3630292,0.5921847534179687,0.2557882995605469,0.40312603759765625,0.7912578311789249,nan,nan,0.0,0.0,0.0,0.0,0.0,0.0
1785522182.4123135,0.5921212158203125,0.25585604858398436,0.40301052856445313,0.7917157839810933,nan,nan,0.0,0.0,0.0,0.0,0.0,0.0
1785522182.4628458,0.5924906005859375,0.2563066101074219,0.4033043212890625,0.7910669530949058,nan,nan,0.0,0.0,0.0,0.0,0.0,0.0
1785522182.5123384,0.5924676513671875,0.2561957702636719,0.4029859619140625,0.7913430460813027,nan,nan,0.0,0.0,0.0,0.0,0.0,0.0
1785522182.562725,0.5924612426757813,0.2560751953125,0.40328933715820314,0.7911658149762174,nan,nan,0.0,0.0,0.0,0.0,0.0,0.0
1785522182.6125305,0.5921678466796875,0.25580796813964846,0.40303277587890624,0.7912866357603114,nan,nan,0.0,0.0,0.0,0.0,0.0,0.0
1785522182.662336,0.5922149658203125,0.2560350646972656,0.40302917480468753,0.7916619215374986,nan,nan,0.0,0.0,0.0,0.0,0.0,0.0
1785522182.7132866,0.5923399658203126,0.2562906494140625,0.40300921630859377,0.7915217907179185,nan,nan,0.0,0.0,0.0,0.0,0.0,0.0
1785522182.7651367,0.5923924560546875,0.2561627197265625,0.40304339599609373,0.7915296596532395,nan,nan,0.0,0.0,0.0,0.0,0.0,0.0
1785522182.812482,0.592250244140625,0.25570916748046874,0.40303128051757814,0.7921986371349486,nan,nan,0.0,0.0,0.0,0.0,0.0,0.0
1785522182.86382,0.592146728515625,0.2558925018310547,0.402961181640625,0.7918590094815917,nan,nan,0.0,0.0,0.0,0.0,0.0,0.0
1785522182.9128976,0.5922157592773437,0.256272705078125,0.4030158081054688,0.7912199177103542,nan,nan,0.0,0.0,0.0,0.0,0.0,0.0
1785522182.9633572,0.5923436889648438,0.2562203369140625,0.4029945983886719,0.7914997251715832,nan,nan,0.0,0.0,0.0,0.0,0.0,0.0
1785522183.0123057,0.5923924560546875,0.2560973815917969,0.4030133666992188,0.7914884396395134,nan,nan,0.0,0.0,0.0,0.0,0.0,0.0
1785522183.0626674,0.5922015991210937,0.255828125,0.4030439758300781,0.7917474584968854,nan,nan,0.0,0.0,0.0,0.0,0.0,0.0
1785522183.1122973,0.5922155151367188,0.25604608154296876,0.40299099731445315,0.7914314543993749,nan,nan,0.0,0.0,0.0,0.0,0.0,0.0
1785522183.1632829,0.592491943359375,0.2564156188964844,0.40325543212890624,0.7903110777570618,nan,nan,0.0,0.0,0.0,0.0,0.0,0.0
1785522183.212506,0.5924362182617188,0.2560945739746094,0.4029559631347656,0.7915145173800691,nan,nan,0.0,0.0,0.0,0.0,0.0,0.0
1785522183.2628446,0.5922568969726563,0.25592642211914063,0.4030580749511719,0.7919478644730106,nan,nan,0.0,0.0,0.0,0.0,0.0,0.0
1785522183.312316,0.592211669921875,0.25581997680664065,0.40307852172851566,0.7914633845563108,nan,nan,0.0,0.0,0.0,0.0,0.0,0.0
1785522183.363296,0.592216064453125,0.25609979248046877,0.4029886474609375,0.7912451893340128,nan,nan,0.0,0.0,0.0,0.0,0.0,0.0
1785522183.412325,0.5923612670898437,0.2562537841796875,0.4030638732910156,0.7908653470538598,nan,nan,0.0,0.0,0.0,0.0,0.0,0.0
1785522183.4627419,0.5924036254882813,0.25602566528320314,0.4029332275390625,0.7919312183817963,nan,nan,0.0,0.0,0.0,0.0,0.0,0.0
1785522183.5123718,0.5922905883789062,0.2558576049804688,0.4029973449707031,0.791747884850294,nan,nan,0.0,0.0,0.0,0.0,0.0,0.0
1785522183.5627244,0.5921976928710938,0.2559432678222656,0.40305029296875,0.7916994245481783,nan,nan,0.0,0.0,0.0,0.0,0.0,0.0
1785522183.6123517,0.5923513793945313,0.2562305603027344,0.40295294189453124,0.7912754775192464,nan,nan,0.0,0.0,0.0,0.0,0.0,0.0
1785522183.662635,0.5924254150390625,0.25622314453125,0.4030625,0.7911705033122791,nan,nan,0.0,0.0,0.0,0.0,0.0,0.0
1785522183.7123182,0.5923221435546875,0.25594493103027344,0.40295877075195313,0.7916644527873153,nan,nan,0.0,0.0,0.0,0.0,0.0,0.0
1785522183.7629514,0.5921810913085938,0.25581227111816407,0.40305816650390625,0.7917142300120605,nan,nan,0.0,0.0,0.0,0.0,0.0,0.0
1785522183.8123386,0.5922754516601563,0.25609115600585936,0.40291409301757813,0.7914628805395858,nan,nan,0.0,0.0,0.0,0.0,0.0,0.0
1785522183.8623145,0.5923724365234375,0.2562098083496094,0.4029972839355469,0.7919558665421368,nan,nan,0.0,0.0,0.0,0.0,0.0,0.0
1785522183.9128957,0.5923297119140625,0.2561827392578125,0.40299893188476565,0.7909286389076046,nan,nan,0.0,0.0,0.0,0.0,0.0,0.0
1785522183.9631138,0.5922634887695313,0.2558840637207031,0.40297784423828126,0.7918090765045463,nan,nan,0.0,0.0,0.0,0.0,0.0,0.0
1785522184.0123222,0.5922402954101562,0.25584495544433594,0.40310647583007814,0.7916731016588014,nan,nan,0.0,0.0,0.0,0.0,0.0,0.0
1785522184.063142,0.5922318115234375,0.25588174438476563,0.4030541076660156,0.7914648056734565,nan,nan,0.0,0.0,0.0,0.0,0.0,0.0
1785522184.1123288,0.5924015502929688,0.2562732238769531,0.4030029296875,0.7913460705552774,nan,nan,0.0,0.0,0.0,0.0,0.0,0.0
1785522184.1628575,0.5923075561523438,0.25594784545898436,0.4029807434082031,0.7915134910816672,nan,nan,0.0,0.0,0.0,0.0,0.0,0.0
1785522184.2124104,0.5921878662109376,0.2558495635986328,0.40305068969726565,0.7921907305752641,nan,nan,0.0,0.0,0.0,0.0,0.0,0.0
1785522184.2623653,0.5921528930664063,0.25602078247070315,0.40305267333984374,0.7917149592563129,nan,nan,0.0,0.0,0.0,0.0,0.0,0.0
1785522184.312588,0.5922689819335938,0.2562294921875,0.402963134765625,0.7914439648532777,nan,nan,0.0,0.0,0.0,0.0,0.0,0.0
1785522184.3624046,0.5924233398437501,0.256145263671875,0.403376220703125,0.7907763236628021,nan,nan,0.0,0.0,0.0,0.0,0.0,0.0
1785522184.4123602,0.5922858276367188,0.25589541625976564,0.4031162109375,0.7914594381274187,nan,nan,0.0,0.0,0.0,0.0,0.0,0.0
1785522184.4628048,0.5922891845703125,0.25587930297851563,0.4029367370605469,0.7917579879422513,nan,nan,0.0,0.0,0.0,0.0,0.0,0.0
1785522184.5124128,0.5921224365234375,0.2558463134765625,0.4029985046386719,0.7912211709157606,nan,nan,0.0,0.0,0.0,0.0,0.0,0.0
1785522184.5627835,0.5924557495117188,0.2563764953613281,0.4033245849609375,0.7903876911450319,nan,nan,0.0,0.0,0.0,0.0,0.0,0.0
1785522184.6123188,0.592464111328125,0.25598979187011717,0.40296502685546876,0.791586174000886,nan,nan,0.0,0.0,0.0,0.0,0.0,0.0
1785522184.6623278,0.5922891845703125,0.25582586669921875,0.40298712158203126,0.7914864874727782,nan,nan,0.0,0.0,0.0,0.0,0.0,0.0
1785522184.71281,0.59219091796875,0.2560086975097656,0.4030682678222656,0.7913697535952017,nan,nan,0.0,0.0,0.0,0.0,0.0,0.0
1785522184.7641895,0.59227197265625,0.2560866394042969,0.4030893249511719,0.7915432308151265,nan,nan,0.0,0.0,0.0,0.0,0.0,0.0
1785522184.814758,0.5924585571289063,0.2561502380371094,0.4029407653808594,0.7916371801147688,nan,nan,0.0,0.0,0.0,0.0,0.0,0.0
1785522184.8623648,0.5922127685546875,0.2560041198730469,0.4030475158691406,0.7919725233763724,nan,nan,0.0,0.0,0.0,0.0,0.0,0.0
1785522184.912394,0.5922861938476562,0.25589178466796875,0.40305276489257813,0.791443585563405,nan,nan,0.0,0.0,0.0,0.0,0.0,0.0
1785522184.962357,0.5922700805664063,0.25605072021484376,0.40306948852539065,0.7914816450259582,nan,nan,0.0,0.0,0.0,0.0,0.0,0.0
1785522185.0137424,0.5923969116210938,0.2562640075683594,0.4029720458984375,0.7909575922009386,nan,nan,0.0,0.0,0.0,0.0,0.0,0.0
1785522185.0623112,0.5923801879882813,0.25607623291015624,0.403033447265625,0.7912402002118675,nan,nan,0.0,0.0,0.0,0.0,0.0,0.0
1785522185.1123793,0.59220361328125,0.2558763427734375,0.40301983642578126,0.7922192426014212,nan,nan,0.0,0.0,0.0,0.0,0.0,0.0
1785522185.1623874,0.5921971435546876,0.2559850311279297,0.4030754089355469,0.7919699752578174,nan,nan,0.0,0.0,0.0,0.0,0.0,0.0
1785522185.2123566,0.5921742553710938,0.2560047912597656,0.4030907592773438,0.7911390402841407,nan,nan,0.0,0.0,0.0,0.0,0.0,0.0
1785522185.2623515,0.5925317993164063,0.2562807922363281,0.4032261657714844,0.7907196264651458,nan,nan,0.0,0.0,0.0,0.0,0.0,0.0
1785522185.3128827,0.5923075561523438,0.2559227447509766,0.4029822692871094,0.7915843857195255,nan,nan,0.0,0.0,0.0,0.0,0.0,0.0
1785522185.3623283,0.5921934814453125,0.25575706481933597,0.40302911376953127,0.7919864114482089,nan,nan,0.0,0.0,0.0,0.0,0.0,0.0
1785522185.4123256,0.592195068359375,0.2559583892822266,0.40298837280273436,0.7911840618706086,nan,nan,0.0,0.0,0.0,0.0,0.0,0.0
1785522185.4629257,0.5923726806640626,0.25630319213867186,0.40296929931640624,0.7917197027159231,nan,nan,0.0,0.0,0.0,0.0,0.0,0.0
1785522185.5128376,0.5925299072265625,0.2562002868652344,0.40337490844726565,0.7900449325795437,nan,nan,0.0,0.0,0.0,0.0,0.0,0.0
1785522185.5629654,0.5922803955078125,0.2559616394042969,0.40308078002929687,0.7924186283122754,nan,nan,0.0,0.0,0.0,0.0,0.0,0.0
1785522185.612325,0.5922871093750001,0.2558971099853516,0.4032718505859375,0.7903901670766739,nan,nan,0.0,0.0,0.0,0.0,0.0,0.0
1785522185.6628842,0.5922780151367187,0.25613653564453126,0.4030205078125,0.7914137757126247,nan,nan,0.0,0.0,0.0,0.0,0.0,0.0
1785522185.7128878,0.592392333984375,0.2561770935058594,0.40302597045898436,0.7913620275101428,nan,nan,0.0,0.0,0.0,0.0,0.0,0.0
1785522185.7623265,0.5924757080078125,0.2560093688964844,0.40306643676757814,0.7912405206409362,nan,nan,0.0,0.0,0.0,0.0,0.0,0.0
1785522185.812885,0.5921243896484375,0.25576417541503904,0.4030067138671875,0.7917225825036802,nan,nan,0.0,0.0,0.0,0.0,0.0,0.0
1785522185.8645303,0.5922201538085937,0.2560395202636719,0.40307034301757816,0.7919508827605951,nan,nan,0.0,0.0,0.0,0.0,0.0,0.0
1785522185.9124048,0.5921356201171876,0.2559523162841797,0.40304754638671875,0.7917145445654036,nan,nan,0.0,0.0,0.0,0.0,0.0,0.0
1785522185.9630299,0.5924454345703125,0.25625296020507815,0.40300683593750003,0.7911778545261847,nan,nan,0.0,0.0,0.0,0.0,0.0,0.0
1785522186.0123518,0.5924798583984375,0.2561324462890625,0.40330853271484374,0.7908419580532686,nan,nan,0.0,0.0,0.0,0.0,0.0,0.0
1785522186.06267,0.592150390625,0.2558500518798828,0.4031597900390625,0.7919549349922353,nan,nan,0.0,0.0,0.0,0.0,0.0,0.0
1785522186.1128752,0.5922677612304688,0.2560218200683594,0.403052734375,0.7913185661732611,nan,nan,0.0,0.0,0.0,0.0,0.0,0.0
1785522186.1627727,0.5922743530273438,0.25606939697265624,0.4030154113769531,0.7916842546004612,nan,nan,0.0,0.0,0.0,0.0,0.0,0.0
1785522186.2123015,0.5922731323242187,0.25603314208984373,0.40307781982421875,0.7916411647114566,nan,nan,0.0,0.0,0.0,0.0,0.0,0.0
1785522186.263307,0.592152099609375,0.25599902343750003,0.4029971008300781,0.7925224929628316,nan,nan,0.0,0.0,0.0,0.0,0.0,0.0
1785522186.3123415,0.5921761474609375,0.25598118591308594,0.40299157714843753,0.7918339414589577,nan,nan,0.0,0.0,0.0,0.0,0.0,0.0
1785522186.3650823,0.592279052734375,0.25597186279296874,0.4030804443359375,0.7914685632394046,nan,nan,0.0,0.0,0.0,0.0,0.0,0.0
1785522186.4128377,0.5924353027343751,0.2561307373046875,0.40296417236328125,0.7911518737689194,nan,nan,0.0,0.0,0.0,0.0,0.0,0.0
1785522186.462757,0.592309326171875,0.2559812927246094,0.40298712158203126,0.7917639222946407,nan,nan,0.0,0.0,0.0,0.0,0.0,0.0
1785522186.5123656,0.592145263671875,0.255900146484375,0.40303811645507814,0.7921327853405226,nan,nan,0.0,0.0,0.0,0.0,0.0,0.0
1785522186.5628028,0.5922138671875,0.2560022888183594,0.4029743347167969,0.7919576758204697,nan,nan,0.0,0.0,0.0,0.0,0.0,0.0
1785522186.6123893,0.5924091186523438,0.25617385864257813,0.40296670532226564,0.7910244111893558,nan,nan,0.0,0.0,0.0,0.0,0.0,0.0
1785522186.6632786,0.59255224609375,0.2561885070800781,0.40324661254882815,0.790550938059149,nan,nan,0.0,0.0,0.0,0.0,0.0,0.0
1785522186.7128513,0.5922870483398438,0.25589714050292967,0.4030744934082031,0.7917064267972406,nan,nan,0.0,0.0,0.0,0.0,0.0,0.0
1785522186.7632716,0.59227685546875,0.2558160400390625,0.40304251098632815,0.7919443796788248,nan,nan,0.0,0.0,0.0,0.0,0.0,0.0
1785522186.8147874,0.5922189941406251,0.25616873168945314,0.4029369812011719,0.7916996180105338,nan,nan,0.0,0.0,0.0,0.0,0.0,0.0
1785522186.862953,0.59246142578125,0.2562396545410156,0.40327005004882815,0.7908827580504804,nan,nan,0.0,0.0,0.0,0.0,0.0,0.0
1785522186.912435,0.5925689697265625,0.2562735595703125,0.4032386169433594,0.7907095130752229,nan,nan,0.0,0.0,0.0,0.0,0.0,0.0
1785522186.9623747,0.592248779296875,0.25587059020996095,0.40300909423828124,0.7917863823345594,nan,nan,0.0,0.0,0.0,0.0,0.0,0.0
1785522187.0129502,0.5921616821289063,0.25588058471679687,0.40296240234375,0.7915668657183069,nan,nan,0.0,0.0,0.0,0.0,0.0,0.0
1785522187.0626276,0.5923284912109376,0.2560315856933594,0.402951171875,0.7918124165878744,nan,nan,0.0,0.0,0.0,0.0,0.0,0.0
1785522187.112404,0.5923284912109376,0.2560315856933594,0.402951171875,0.7918124165878744,nan,nan,0.0,0.0,0.0,0.0,0.0,0.0
1785522187.1626258,0.5923031616210938,0.25604388427734376,0.4030797119140625,0.7919500224580024,nan,nan,0.0,0.0,0.0,0.0,0.0,0.0
1785522187.214501,0.5921099853515626,0.2557090301513672,0.403029052734375,0.7916110837392494,nan,nan,0.0,0.0,0.0,0.0,0.0,0.0
1785522187.2630422,0.5921746826171875,0.25582615661621094,0.403087646484375,0.79165976389648,nan,nan,0.0,0.0,0.0,0.0,0.0,0.0
1785522187.312387,0.5922674560546876,0.2560828857421875,0.4030253601074219,0.7914668174885726,nan,nan,0.0,0.0,0.0,0.0,0.0,0.0
1785522187.362706,0.5923886108398437,0.2560829467773438,0.4030169067382813,0.7918309879654446,nan,nan,0.0,0.0,0.0,0.0,0.0,0.0
1785522187.4123201,0.5921898803710938,0.2558898010253906,0.4030121765136719,0.7919137435523762,nan,nan,0.0,0.0,0.0,0.0,0.0,0.0
1785522187.4623408,0.5922269897460938,0.2558578796386719,0.40301147460937503,0.7914436836149835,nan,nan,0.0,0.0,0.0,0.0,0.0,0.0
1785522187.5123212,0.5921727294921875,0.256120361328125,0.40310205078125,0.7913965930099863,nan,nan,0.0,0.0,0.0,0.0,0.0,0.0
1785522187.5630183,0.5925162353515625,0.256208740234375,0.4032701416015625,0.790912024165993,nan,nan,0.0,0.0,0.0,0.0,0.0,0.0
1785522187.6128917,0.5924453735351562,0.25604354858398437,0.4033183898925781,0.7907938182708922,nan,nan,0.0,0.0,0.0,0.0,0.0,0.0
1785522187.6629415,0.5922025756835938,0.2557084197998047,0.40303875732421873,0.7916942988308481,nan,nan,0.0,0.0,0.0,0.0,0.0,0.0
1785522187.7123208,0.5922135009765626,0.2560912780761719,0.4030077209472656,0.7913179732437571,nan,nan,0.0,0.0,0.0,0.0,0.0,0.0
1785522187.7650297,0.59238037109375,0.25627691650390627,0.40303765869140623,0.791169944463464,nan,nan,0.0,0.0,0.0,0.0,0.0,0.0
1785522187.8123314,0.5923491821289063,0.2560133972167969,0.40302706909179686,0.7914107205938566,nan,nan,0.0,0.0,0.0,0.0,0.0,0.0
1785522187.8623235,0.592330078125,0.2559687042236328,0.4029771423339844,0.7917486951671224,nan,nan,0.0,0.0,0.0,0.0,0.0,0.0
1785522187.9128425,0.5921263427734376,0.2558802185058594,0.40308489990234375,0.7922642569358505,nan,nan,0.0,0.0,0.0,0.0,0.0,0.0
1785522187.9623606,0.59228076171875,0.25605291748046877,0.4030418395996094,0.7911640149387047,nan,nan,0.0,0.0,0.0,0.0,0.0,0.0
1785522188.0123234,0.5925111083984375,0.2563809814453125,0.40325781250000003,0.7902499162400036,nan,nan,0.0,0.0,0.0,0.0,0.0,0.0
1785522188.0624337,0.5923631591796875,0.256122314453125,0.4029641418457031,0.7915821192601645,nan,nan,0.0,0.0,0.0,0.0,0.0,0.0
1785522188.1128905,0.5922271728515626,0.2559000701904297,0.40309494018554687,0.7915753513360136,nan,nan,0.0,0.0,0.0,0.0,0.0,0.0
1785522188.1631093,0.5921102905273438,0.25590176391601566,0.4030877380371094,0.7922096292005741,nan,nan,0.0,0.0,0.0,0.0,0.0,0.0
1785522188.2123177,0.5923460083007812,0.2561343688964844,0.40307318115234375,0.7910200782156493,nan,nan,0.0,0.0,0.0,0.0,0.0,0.0
1785522188.2644157,0.5924181518554688,0.2561685180664063,0.40302545166015624,0.7912243765050995,nan,nan,0.0,0.0,0.0,0.0,0.0,0.0
1785522188.312343,0.5922323608398438,0.2558799896240234,0.4030053405761719,0.7915453255790641,nan,nan,0.0,0.0,0.0,0.0,0.0,0.0
1785522188.3624318,0.5921439819335937,0.2558919982910156,0.4030604858398438,0.7912044093040614,nan,nan,0.0,0.0,0.0,0.0,0.0,0.0
1785522188.4124022,0.592161865234375,0.2559839324951172,0.403094482421875,0.7913152148265384,nan,nan,0.0,0.0,0.0,0.0,0.0,0.0
1785522188.4623258,0.5925446166992188,0.2563414001464844,0.40328005981445314,0.7908857975395903,nan,nan,0.0,0.0,0.0,0.0,0.0,0.0
1785522188.512424,0.5925277099609375,0.2562304992675781,0.4032387390136719,0.7909824581183631,nan,nan,0.0,0.0,0.0,0.0,0.0,0.0
1785522188.562948,0.5922998657226562,0.25598213195800784,0.4030355224609375,0.7918796265152314,nan,nan,0.0,0.0,0.0,0.0,0.0,0.0
1785522188.6128578,0.5921195678710938,0.2558879699707031,0.4029677734375,0.791678412939286,nan,nan,0.0,0.0,0.0,0.0,0.0,0.0
1785522188.6627405,0.5922814331054688,0.2560257873535156,0.40306475830078126,0.7917513912052376,nan,nan,0.0,0.0,0.0,0.0,0.0,0.0
1785522188.7123263,0.5925769653320313,0.2562664489746094,0.403259033203125,0.7906227082883359,nan,nan,0.0,0.0,0.0,0.0,0.0,0.0
1785522188.7625642,0.5923588256835938,0.25591453552246096,0.40297903442382815,0.7917818236787301,nan,nan,0.0,0.0,0.0,0.0,0.0,0.0
1785522188.812417,0.5922909545898437,0.25583700561523437,0.4030073852539063,0.7920927651075982,nan,nan,0.0,0.0,0.0,0.0,0.0,0.0
1785522188.8627858,0.5922225341796875,0.2560428161621094,0.4029957275390625,0.7915406711121213,nan,nan,0.0,0.0,0.0,0.0,0.0,0.0
1785522188.9124203,0.5925757446289063,0.25628573608398436,0.4032033996582031,0.7903979275376921,nan,nan,0.0,0.0,0.0,0.0,0.0,0.0
1785522188.9626312,0.5924249267578126,0.2561904296875,0.4029102783203125,0.7915919323527969,nan,nan,0.0,0.0,0.0,0.0,0.0,0.0
1785522189.0130918,0.5924249267578126,0.2561904296875,0.4029102783203125,0.7915919323527969,nan,nan,0.0,0.0,0.0,0.0,0.0,0.0
1785522189.0627553,0.5921893920898438,0.2557634735107422,0.40308432006835937,0.7915675738098299,nan,nan,0.0,0.0,0.0,0.0,0.0,0.0
1785522189.1137538,0.5921665649414063,0.2560611267089844,0.4030090026855469,0.7919135090991939,nan,nan,0.0,0.0,0.0,0.0,0.0,0.0
1785522189.1633575,0.5925668334960937,0.25623626708984376,0.40334710693359377,0.7903633586443921,nan,nan,0.0,0.0,0.0,0.0,0.0,0.0
1785522189.2128832,0.5924678955078125,0.25613650512695313,0.4032619018554688,0.7910653813029496,nan,nan,0.0,0.0,0.0,0.0,0.0,0.0
1785522189.262866,0.5922623291015625,0.2558236083984375,0.4030760192871094,0.7915895762104721,nan,nan,0.0,0.0,0.0,0.0,0.0,0.0
1785522189.312321,0.5921165771484375,0.2558986358642578,0.4031063537597656,0.791543786994015,nan,nan,0.0,0.0,0.0,0.0,0.0,0.0
1785522189.3666954,0.5922756958007812,0.2562367248535156,0.40303036499023437,0.7916550982607292,nan,nan,0.0,0.0,0.0,0.0,0.0,0.0
1785522189.4125965,0.592369140625,0.25616256713867186,0.40304830932617186,0.7913203494060771,nan,nan,0.0,0.0,0.0,0.0,0.0,0.0
1785522189.46256,0.5922124633789063,0.25595367431640625,0.40311819458007814,0.791583847224453,nan,nan,0.0,0.0,0.0,0.0,0.0,0.0
1785522189.5132604,0.592142333984375,0.2558994903564453,0.4030394287109375,0.7914518864589273,nan,nan,0.0,0.0,0.0,0.0,0.0,0.0
1785522189.5632749,0.592273193359375,0.25610476684570316,0.40305136108398437,0.7912815759331685,nan,nan,0.0,0.0,0.0,0.0,0.0,0.0
1785522189.612312,0.592391845703125,0.25626513671875,0.4029849853515625,0.7913423445320563,nan,nan,0.0,0.0,0.0,0.0,0.0,0.0
1785522189.663275,0.5922970581054687,0.2560746154785156,0.4030240783691406,0.7916712551916387,nan,nan,0.0,0.0,0.0,0.0,0.0,0.0
1785522189.7124329,0.5921322021484375,0.2557504119873047,0.4031587219238281,0.791919178932522,nan,nan,0.0,0.0,0.0,0.0,0.0,0.0
1785522189.7623212,0.592137451171875,0.2558725280761719,0.40310623168945314,0.7918165789414615,nan,nan,0.0,0.0,0.0,0.0,0.0,0.0
1785522189.8128846,0.5923087768554688,0.25614562988281253,0.40298553466796877,0.7915957704279005,nan,nan,0.0,0.0,0.0,0.0,0.0,0.0
1785522189.8630154,0.5924963378906251,0.2562802124023438,0.4032893676757813,0.7909400776263432,nan,nan,0.0,0.0,0.0,0.0,0.0,0.0
1785522189.9123695,0.5922825927734375,0.2559212646484375,0.4030311279296875,0.791153107173148,nan,nan,0.0,0.0,0.0,0.0,0.0,0.0
1785522189.9623532,0.5921918334960937,0.2558431549072266,0.4030234069824219,0.7916528383290169,nan,nan,0.0,0.0,0.0,0.0,0.0,0.0
1785522190.0123162,0.5922666015625,0.2560596618652344,0.4029898681640625,0.7919596179373918,nan,nan,0.0,0.0,0.0,0.0,0.0,0.0
1785522190.0623171,0.5923212890625,0.2561666564941406,0.40304458618164063,0.7909834840171551,nan,nan,0.0,0.0,0.0,0.0,0.0,0.0
1785522190.1128883,0.5924015502929688,0.25621759033203123,0.4029859924316406,0.7913442028539707,nan,nan,0.0,0.0,0.0,0.0,0.0,0.0
1785522190.1632304,0.592241943359375,0.2558410186767578,0.40313836669921876,0.7917418210681103,nan,nan,0.0,0.0,0.0,0.0,0.0,0.0
1785522190.2128463,0.592259033203125,0.25593666076660154,0.40300735473632815,0.7921331770880082,nan,nan,0.0,0.0,0.0,0.0,0.0,0.0
1785522190.26337,0.59222265625,0.25603125,0.4029871520996094,0.7913503678218,nan,nan,0.0,0.0,0.0,0.0,0.0,0.0
1785522190.3129437,0.592374755859375,0.2561593933105469,0.4030423889160156,0.7918072430687609,nan,nan,0.0,0.0,0.0,0.0,0.0,0.0
1785522190.36327,0.5924458618164062,0.2560875244140625,0.4032469177246094,0.7909970781201401,nan,nan,0.0,0.0,0.0,0.0,0.0,0.0
1785522190.4128144,0.5922316284179687,0.2558131713867188,0.40305279541015626,0.7916553834505519,nan,nan,0.0,0.0,0.0,0.0,0.0,0.0
1785522190.462313,0.592177734375,0.2559805450439453,0.40303439331054686,0.7914785993245655,nan,nan,0.0,0.0,0.0,0.0,0.0,0.0
1785522190.512479,0.59227197265625,0.2559716033935547,0.40299249267578124,0.7916729620180168,nan,nan,0.0,0.0,0.0,0.0,0.0,0.0
1785522190.5631003,0.5926030883789063,0.25627703857421874,0.40327087402343753,0.7905160723405286,nan,nan,0.0,0.0,0.0,0.0,0.0,0.0
1785522190.6144261,0.5922387084960937,0.25583482360839843,0.4029897766113281,0.7920868703705984,nan,nan,0.0,0.0,0.0,0.0,0.0,0.0
1785522190.664272,0.5921959838867188,0.2559788055419922,0.403053955078125,0.7919874961283291,nan,nan,0.0,0.0,0.0,0.0,0.0,0.0
1785522190.7124562,0.5922915649414062,0.25614141845703126,0.4030223388671875,0.7919425001132266,nan,nan,0.0,0.0,0.0,0.0,0.0,0.0
1785522190.7628767,0.5923807373046875,0.2562662963867188,0.40298355102539063,0.7911295456212043,nan,nan,0.0,0.0,0.0,0.0,0.0,0.0
1785522190.8128989,0.5924739990234376,0.25629754638671876,0.4029859924316406,0.791403989772299,nan,nan,0.0,0.0,0.0,0.0,0.0,0.0
1785522190.8633525,0.5923272094726563,0.25586116027832034,0.40298928833007813,0.7922102014756671,nan,nan,0.0,0.0,0.0,0.0,0.0,0.0
1785522190.9123492,0.5922149658203125,0.25583586120605467,0.40303543090820315,0.7915590690423151,nan,nan,0.0,0.0,0.0,0.0,0.0,0.0
1785522190.9630105,0.592274169921875,0.2560394287109375,0.4030638427734375,0.7910051806457863,nan,nan,0.0,0.0,0.0,0.0,0.0,0.0
1785522191.0128767,0.5924751586914062,0.2562756042480469,0.40334750366210936,0.7909221047057527,nan,nan,0.0,0.0,0.0,0.0,0.0,0.0
1785522191.0624242,0.5924751586914062,0.2562756042480469,0.40334750366210936,0.7909221047057527,nan,nan,0.0,0.0,0.0,0.0,0.0,0.0
1785522191.1146948,0.592270263671875,0.2558000640869141,0.40305969238281253,0.7918126929874918,nan,nan,0.0,0.0,0.0,0.0,0.0,0.0
1785522191.1629055,0.5921498413085937,0.2558686981201172,0.40309686279296875,0.7914216118633419,nan,nan,0.0,0.0,0.0,0.0,0.0,0.0
1785522191.212819,0.5922799072265625,0.2563017883300781,0.4030155029296875,0.7911458680755886,nan,nan,0.0,0.0,0.0,0.0,0.0,0.0
1785522191.2623286,0.5924515991210938,0.2561711120605469,0.4028995666503906,0.7915422319756429,nan,nan,0.0,0.0,0.0,0.0,0.0,0.0
1785522191.3123407,0.5923726806640626,0.25608953857421873,0.4029520874023438,0.7918024481080829,nan,nan,0.0,0.0,0.0,0.0,0.0,0.0
1785522191.3623128,0.5921151733398438,0.25589697265625,0.4030354614257813,0.7923021883960618,nan,nan,0.0,0.0,0.0,0.0,0.0,0.0
1785522191.4123354,0.5921602172851562,0.25590798950195315,0.4030123291015625,0.791530489527645,nan,nan,0.0,0.0,0.0,0.0,0.0,0.0
1785522191.463169,0.5921602172851562,0.25590798950195315,0.4030123291015625,0.791530489527645,nan,nan,0.0,0.0,0.0,0.0,0.0,0.0
1785522191.5155966,0.5925097045898438,0.256301025390625,0.4032702331542969,0.7899742973586332,nan,nan,0.0,0.0,0.0,0.0,0.0,0.0
1785522191.5623598,0.5921533813476563,0.25574209594726566,0.4031068115234375,0.79155728422465,nan,nan,0.0,0.0,0.0,0.0,0.0,0.0
1785522191.6128292,0.5922489013671876,0.2559512176513672,0.40298315429687503,0.7909477430244308,nan,nan,0.0,0.0,0.0,0.0,0.0,0.0
1785522191.6623325,0.5923819580078125,0.256216796875,0.402965576171875,0.7914712465242609,nan,nan,0.0,0.0,0.0,0.0,0.0,0.0
1785522191.7123244,0.592368896484375,0.256119384765625,0.40302789306640624,0.7914579963059728,nan,nan,0.0,0.0,0.0,0.0,0.0,0.0
1785522191.7624424,0.5924237670898438,0.2560777282714844,0.40296221923828124,0.791760707425558,nan,nan,0.0,0.0,0.0,0.0,0.0,0.0
1785522191.8128314,0.5921683349609375,0.25581065368652345,0.40309738159179687,0.7915120102023369,nan,nan,0.0,0.0,0.0,0.0,0.0,0.0
1785522191.862922,0.59222216796875,0.25611157226562503,0.40300253295898436,0.7912966292861539,nan,nan,0.0,0.0,0.0,0.0,0.0,0.0
1785522191.9123254,0.592349853515625,0.2561845397949219,0.40306552124023437,0.7914859420323642,nan,nan,0.0,0.0,0.0,0.0,0.0,0.0
1785522191.9623349,0.5923942260742188,0.25615994262695313,0.4029663391113281,0.7918449894030828,nan,nan,0.0,0.0,0.0,0.0,0.0,0.0
1785522192.0129097,0.5921993408203126,0.25590643310546873,0.4030090637207031,0.7915398323263364,nan,nan,0.0,0.0,0.0,0.0,0.0,0.0
1785522192.0624135,0.5921531982421875,0.25588629150390624,0.4030520629882813,0.7918056401525924,nan,nan,0.0,0.0,0.0,0.0,0.0,0.0
1785522192.1124194,0.5921531982421875,0.25588629150390624,0.4030520629882813,0.7918056401525924,nan,nan,0.0,0.0,0.0,0.0,0.0,0.0
1785522192.1623201,0.5924296875,0.2561734924316406,0.40297631835937503,0.7916109795035315,nan,nan,0.0,0.0,0.0,0.0,0.0,0.0
1785522192.2123213,0.5922546997070313,0.2558624420166016,0.4029857177734375,0.7911520359353987,nan,nan,0.0,0.0,0.0,0.0,0.0,0.0
1785522192.2622452,0.5921939697265625,0.25575799560546875,0.40300003051757816,0.7917621727697439,nan,nan,0.0,0.0,0.0,0.0,0.0,0.0
1785522192.3129115,0.5923086547851563,0.2559482574462891,0.40293130493164064,0.7915163445131959,nan,nan,0.0,0.0,0.0,0.0,0.0,0.0
1785522192.3623927,0.5923926391601563,0.2562406005859375,0.4029545288085938,0.791183258781837,nan,nan,0.0,0.0,0.0,0.0,0.0,0.0
1785522192.412845,0.59240625,0.2559816436767578,0.40298812866210937,0.791313751366182,nan,nan,0.0,0.0,0.0,0.0,0.0,0.0
1785522192.4626203,0.5923034667968751,0.25597219848632813,0.40301220703125,0.7916217204993995,nan,nan,0.0,0.0,0.0,0.0,0.0,0.0
1785522192.5128937,0.5921298217773437,0.2556597595214844,0.4030346069335938,0.79179410555679,nan,nan,0.0,0.0,0.0,0.0,0.0,0.0
1785522192.562659,0.5923601074218751,0.25614089965820314,0.40294439697265627,0.7911854553279736,nan,nan,0.0,0.0,0.0,0.0,0.0,0.0
1785522192.6123219,0.5924353637695312,0.25618682861328124,0.40332080078125,0.7909283026520523,nan,nan,0.0,0.0,0.0,0.0,0.0,0.0
1785522192.6627936,0.592334228515625,0.2559554748535156,0.4030521545410156,0.7920053400158497,nan,nan,0.0,0.0,0.0,0.0,0.0,0.0
1785522192.7122965,0.5922587890625,0.2559271545410156,0.4033854064941406,0.7908299311576414,nan,nan,0.0,0.0,0.0,0.0,0.0,0.0
1785522192.762379,0.5922673950195313,0.2560186462402344,0.40292605590820313,0.7915423681232433,nan,nan,0.0,0.0,0.0,0.0,0.0,0.0
1785522192.8123221,0.5924232788085938,0.2561797180175781,0.40296789550781253,0.791410061170606,nan,nan,0.0,0.0,0.0,0.0,0.0,0.0
1785522192.8623288,0.592469970703125,0.25618515014648435,0.4033705749511719,0.7908758060006543,nan,nan,0.0,0.0,0.0,0.0,0.0,0.0
1785522192.9129882,0.5924539184570312,0.25608660888671875,0.40342022705078123,0.7911505341700081,nan,nan,0.0,0.0,0.0,0.0,0.0,0.0
1785522192.962814,0.5922315063476563,0.25583384704589845,0.403003662109375,0.7914417715373266,nan,nan,0.0,0.0,0.0,0.0,0.0,0.0
1785522193.0145776,0.5921702880859375,0.25581056213378905,0.40310870361328127,0.7913193016403692,nan,nan,0.0,0.0,0.0,0.0,0.0,0.0
1785522193.0623238,0.59242431640625,0.2562133483886719,0.40291595458984375,0.7911589718906283,nan,nan,0.0,0.0,0.0,0.0,0.0,0.0
1785522193.1150637,0.59242431640625,0.2562133483886719,0.40291595458984375,0.7911589718906283,nan,nan,0.0,0.0,0.0,0.0,0.0,0.0
1785522193.1627538,0.5922608032226563,0.25579812622070314,0.40303125,0.7917709202355552,nan,nan,0.0,0.0,0.0,0.0,0.0,0.0
1785522193.2128289,0.5921292114257812,0.25602642822265625,0.40307504272460937,0.7913561537880288,nan,nan,0.0,0.0,0.0,0.0,0.0,0.0
1785522193.26348,0.59231787109375,0.25618801879882813,0.40301333618164065,0.7918009817451548,nan,nan,0.0,0.0,0.0,0.0,0.0,0.0
1785522193.3123226,0.5923194580078125,0.2560334777832031,0.4030475769042969,0.7911969398482152,nan,nan,0.0,0.0,0.0,0.0,0.0,0.0
1785522193.3629074,0.5923810424804687,0.25598806762695314,0.4033616943359375,0.7907799262672577,nan,nan,0.0,0.0,0.0,0.0,0.0,0.0
1785522193.4129014,0.592246337890625,0.25576805114746093,0.40298114013671876,0.791996903838697,nan,nan,0.0,0.0,0.0,0.0,0.0,0.0
1785522193.462812,0.5922095947265625,0.2559630737304688,0.40302520751953125,0.7914114630374415,nan,nan,0.0,0.0,0.0,0.0,0.0,0.0
1785522193.512867,0.5924981079101562,0.25624264526367185,0.40328561401367186,0.7905168960334038,nan,nan,0.0,0.0,0.0,0.0,0.0,0.0
1785522193.5628667,0.5923908081054687,0.2561235046386719,0.40300851440429686,0.791764659250483,nan,nan,0.0,0.0,0.0,0.0,0.0,0.0
1785522193.6123724,0.5925394897460937,0.25621087646484375,0.4032797546386719,0.7908178616476448,nan,nan,0.0,0.0,0.0,0.0,0.0,0.0
1785522193.6628742,0.5921351318359375,0.25580296325683594,0.40316085815429686,0.7910433533107052,nan,nan,0.0,0.0,0.0,0.0,0.0,0.0
1785522193.7123694,0.5923050537109376,0.2562337646484375,0.40293881225585937,0.7918854142937493,nan,nan,0.0,0.0,0.0,0.0,0.0,0.0
1785522193.7652338,0.5924402465820313,0.25619049072265626,0.4028951721191406,0.791081313187145,nan,nan,0.0,0.0,0.0,0.0,0.0,0.0
1785522193.8128724,0.5924696655273438,0.2562213745117188,0.4032749633789063,0.7908002895161489,nan,nan,0.0,0.0,0.0,0.0,0.0,0.0
1785522193.8623273,0.5922611694335937,0.25583418273925784,0.4029910888671875,0.7918800078160965,-2.289041689663152,nan,0.0,0.0,0.0,0.0,0.0,0.0
1785522193.9124691,0.592234619140625,0.25595539855957034,0.4029735717773438,0.7914631362272989,-2.289041689663152,nan,0.0,0.0,0.0,0.0,0.0,0.0
1785522193.963448,0.5923212280273438,0.2562572021484375,0.402965087890625,0.7911540656677366,-2.289041689663152,nan,0.0,0.0,0.0,0.0,0.0,0.0
1785522194.012819,0.5923343505859375,0.256134521484375,0.402987060546875,0.7914852546698659,-2.289041689663152,nan,0.0,0.0,0.0,0.0,0.0,0.0
1785522194.063266,0.5921871337890625,0.2558963623046875,0.40298907470703127,0.79134804197831,-2.289041689663152,nan,0.0,0.0,0.0,0.0,0.0,0.0
1785522194.112324,0.5922282104492188,0.25591107177734373,0.4029948425292969,0.7913143601387581,-2.289041689663152,nan,0.0,0.0,0.0,0.0,0.0,0.0
1785522194.1623085,0.5923560180664063,0.2561788330078125,0.4029324340820313,0.7915373821712934,-2.289041689663152,nan,0.0,0.0,0.0,0.0,0.0,0.0
1785522194.2122939,0.5925448608398438,0.25632281494140624,0.40327435302734377,0.7901655085359091,-2.289041689663152,nan,0.0,0.0,0.0,0.0,0.0,0.0
1785522194.262899,0.5923876342773438,0.25608459472656253,0.4029506530761719,0.7919252419548224,-2.289041689663152,nan,0.0,0.0,0.0,0.0,0.0,0.0
1785522194.3153238,0.5923233642578125,0.25577581787109377,0.40298052978515625,0.7918102464872726,-2.289041689663152,nan,0.0,0.0,0.0,0.0,0.0,0.0
1785522194.3649662,0.5922012329101562,0.2559759063720703,0.40305044555664066,0.7915951449271457,-2.289041689663152,nan,0.0,0.0,0.0,0.0,0.0,0.0
1785522194.412877,0.5924943237304687,0.256107666015625,0.40331536865234374,0.7901460390200946,-2.289041689663152,nan,0.0,0.0,0.0,0.0,0.0,0.0
1785522194.4632664,0.5924010009765626,0.256255615234375,0.40296771240234375,0.7914455642337623,-2.289041689663152,nan,0.0,0.0,0.0,0.0,0.0,0.0
1785522194.5129366,0.5925950317382812,0.2562254943847656,0.40322613525390627,0.7904415230133175,-2.289041689663152,nan,0.0,0.0,0.0,0.0,0.0,0.0
1785522194.5623205,0.5920906372070313,0.25581582641601563,0.40310269165039064,0.7916875728139765,-2.289041689663152,nan,0.0,0.0,0.0,0.0,0.0,0.0
1785522194.6123958,0.5921624755859375,0.25612246704101566,0.40298263549804686,0.7920438692345237,-2.289041689663152,nan,0.0,0.0,0.0,0.0,0.0,0.0
1785522194.6633394,0.5924114379882812,0.25625811767578127,0.4029478454589844,0.7910452849915321,-2.289041689663152,nan,0.0,0.0,0.0,0.0,0.0,0.0
1785522194.7131746,0.5925688476562501,0.25609527587890624,0.4033348999023438,0.7905471815121433,-2.289041689663152,nan,0.0,0.0,0.0,0.0,0.0,0.0
1785522194.7633023,0.5923138427734375,0.25589460754394533,0.40300003051757816,0.791941392850537,-2.289041689663152,nan,0.0,0.0,0.0,0.0,0.0,0.0
1785522194.8124177,0.5921934814453125,0.25581912231445314,0.4030486755371094,0.7918828168341482,-2.289041689663152,nan,0.0,0.0,0.0,0.0,0.0,0.0
1785522194.862331,0.5924722290039063,0.2562386474609375,0.40332635498046876,0.7906419114962543,-2.289041689663152,nan,0.0,0.0,0.0,0.0,0.0,0.0
1785522194.912887,0.5926390991210938,0.25631298828125,0.4032778015136719,0.7905463008679338,-2.289041689663152,nan,0.0,0.0,0.0,0.0,0.0,0.0
1785522194.9623182,0.5923514404296875,0.25592138671875003,0.40298663330078127,0.7921674959235274,-2.289041689663152,nan,0.0,0.0,0.0,0.0,0.0,0.0
1785522195.01288,0.5921106567382812,0.25577737426757813,0.4030830993652344,0.7917279566321922,-2.289041689663152,nan,0.0,0.0,0.0,0.0,0.0,0.0
1785522195.0623884,0.5922129516601563,0.25599729919433595,0.4030380554199219,0.791362945368283,-2.289041689663152,nan,0.0,0.0,0.0,0.0,0.0,0.0
1785522195.1123252,0.5923026733398438,0.2562524719238281,0.40299176025390626,0.7914623256164806,-2.289041689663152,nan,0.0,0.0,0.0,0.0,0.0,0.0
1785522195.162779,0.5923861694335938,0.25615921020507815,0.4030213623046875,0.7915388555635547,-2.289041689663152,nan,0.0,0.0,0.0,0.0,0.0,0.0
1785522195.2128875,0.5922273559570312,0.25586456298828125,0.4030101013183594,0.7918624228167145,-2.289041689663152,nan,0.0,0.0,0.0,0.0,0.0,0.0
1785522195.262312,0.5922163696289062,0.25594122314453127,0.40298110961914063,0.7919778489903871,-2.289041689663152,nan,0.0,0.0,0.0,0.0,0.0,0.0
1785522195.3123202,0.5923133544921875,0.2561683654785156,0.403033447265625,0.7915154002446003,-2.289041689663152,nan,0.0,0.0,0.0,0.0,0.0,0.0
1785522195.3624396,0.5925231323242187,0.256218994140625,0.4032919616699219,0.7903031645119691,-2.289041689663152,nan,0.0,0.0,0.0,0.0,0.0,0.0
1785522195.412869,0.592365478515625,0.25611721801757814,0.402958740234375,0.7913733874104358,-2.289041689663152,nan,0.0,0.0,0.0,0.0,0.0,0.0
1785522195.465395,0.5922498779296875,0.25585667419433594,0.4030030212402344,0.7922320234787054,-2.289041689663152,nan,0.0,0.0,0.0,0.0,0.0,0.0
1785522195.5129008,0.5921959838867188,0.25602981567382815,0.40304214477539063,0.7912646590377175,-2.289041689663152,nan,0.0,0.0,0.0,0.0,0.0,0.0
1785522195.5626867,0.5924985961914062,0.2562081604003906,0.40333789062500003,0.790782277551446,-2.289041689663152,nan,0.0,0.0,0.0,0.0,0.0,0.0
1785522195.6128192,0.592581787109375,0.2562276916503906,0.40323916625976564,0.7906014394029148,-2.289041689663152,nan,0.0,0.0,0.0,0.0,0.0,0.0
1785522195.6623778,0.5923171997070312,0.2559304504394531,0.4029879150390625,0.7923695708324517,-2.289041689663152,nan,0.0,0.0,0.0,0.0,0.0,0.0
1785522195.7128901,0.5921934814453125,0.25583424377441405,0.40303997802734376,0.7916681801095968,-2.289041689663152,nan,0.0,0.0,0.0,0.0,0.0,0.0
1785522195.7624419,0.5923915405273438,0.25610009765625,0.4033189392089844,0.7910935298684929,-2.289041689663152,nan,0.0,0.0,0.0,0.0,0.0,0.0
1785522195.8128495,0.5923828125,0.25614468383789063,0.4030004577636719,0.7911663841893443,-2.289041689663152,nan,0.0,0.0,0.0,0.0,0.0,0.0
1785522195.865009,0.5923817749023438,0.25600180053710936,0.40294708251953126,0.7920388965535163,-2.289041689663152,nan,0.0,0.0,0.0,0.0,0.0,0.0
1785522195.9123192,0.5921925659179688,0.2557118988037109,0.40310891723632813,0.7916430752744104,-2.289041689663152,nan,0.0,0.0,0.0,0.0,0.0,0.0
1785522195.9639032,0.5920648803710937,0.2558250427246094,0.4031556701660156,0.7915471902152175,-2.289041689663152,nan,0.0,0.0,0.0,0.0,0.0,0.0
1785522196.0125349,0.5923743896484375,0.2562829895019531,0.40294607543945316,0.791099060694128,-2.289041689663152,nan,0.0,0.0,0.0,0.0,0.0,0.0
1785522196.0639868,0.5923549194335938,0.25619393920898437,0.40307681274414064,0.790827823248088,-2.289041689663152,nan,0.0,0.0,0.0,0.0,0.0,0.0
1785522196.1128771,0.5923016967773438,0.25609884643554687,0.4030508728027344,0.7920207858950326,-2.289041689663152,nan,0.0,0.0,0.0,0.0,0.0,0.0
1785522196.162805,0.5920827026367188,0.25570451354980467,0.40307098388671875,0.7916441349316319,-2.289041689663152,nan,0.0,0.0,0.0,0.0,0.0,0.0
1785522196.2123077,0.5923665771484375,0.25609664916992186,0.40333612060546875,0.7906079724674584,-2.289041689663152,nan,0.0,0.0,0.0,0.0,0.0,0.0
1785522196.2623942,0.5923431396484375,0.2561734924316406,0.40294940185546874,0.7917006026252561,-2.289041689663152,nan,0.0,0.0,0.0,0.0,0.0,0.0
1785522196.3123162,0.59234423828125,0.25619403076171876,0.4030002136230469,0.7913967717531051,-2.289041689663152,nan,0.0,0.0,0.0,0.0,0.0,0.0
1785522196.3623576,0.5923016967773438,0.2559383087158203,0.40301165771484376,0.7919768197417798,-2.289041689663152,nan,0.0,0.0,0.0,0.0,0.0,0.0
1785522196.4128852,0.5921660766601563,0.25587843322753906,0.40299365234375,0.7921141877682636,-2.289041689663152,nan,0.0,0.0,0.0,0.0,0.0,0.0
1785522196.4623265,0.5924132690429688,0.2562685852050781,0.4032979736328125,0.7904664474261772,-2.289041689663152,nan,0.0,0.0,0.0,0.0,0.0,0.0
1785522196.5123196,0.5924158325195312,0.25623144531250003,0.4030107421875,0.7911720639070153,-2.289041689663152,nan,0.0,0.0,0.0,0.0,0.0,0.0
1785522196.5623293,0.5923103637695313,0.25595941162109376,0.40310354614257815,0.7919065789335719,-2.289041689663152,nan,0.0,0.0,0.0,0.0,0.0,0.0
1785522196.6123173,0.5922000732421875,0.25577923583984374,0.40308328247070313,0.7916293778243667,-2.289041689663152,nan,0.0,0.0,0.0,0.0,0.0,0.0
1785522196.663139,0.592084228515625,0.2559583740234375,0.4030486145019531,0.7917514184726202,-2.289041689663152,nan,0.0,0.0,0.0,0.0,0.0,0.0
1785522196.7128742,0.59229296875,0.25620455932617187,0.4029932250976563,0.7918419492174442,-2.289041689663152,nan,0.0,0.0,0.0,0.0,0.0,0.0
1785522196.7623012,0.5925884399414063,0.256154296875,0.40323934936523437,0.7908893504900931,-2.289041689663152,nan,0.0,0.0,0.0,0.0,0.0,0.0
1785522196.812895,0.5923200073242187,0.25595086669921874,0.40298736572265625,0.7919174647897337,-2.289041689663152,nan,0.0,0.0,0.0,0.0,0.0,0.0
1785522196.8651392,0.5923200073242187,0.25595086669921874,0.40298736572265625,0.7919174647897337,-2.289041689663152,nan,0.0,0.0,0.0,0.0,0.0,0.0
1785522196.9128957,0.5920654907226562,0.2557894744873047,0.4030879821777344,0.7909616258050794,-2.289041689663152,nan,0.0,0.0,0.0,0.0,0.0,0.0
1785522196.9629788,0.5921610717773438,0.25595004272460936,0.4030459899902344,0.7920361579977895,-2.289041689663152,nan,0.0,0.0,0.0,0.0,0.0,0.0
1785522197.012567,0.59239453125,0.2561763610839844,0.40303610229492187,0.7913587095388661,-2.289041689663152,nan,0.0,0.0,0.0,0.0,0.0,0.0
1785522197.064078,0.5923042602539063,0.2558138427734375,0.40295654296875,0.7916333696592613,-2.289041689663152,nan,0.0,0.0,0.0,0.0,0.0,0.0
1785522197.112487,0.5921732788085937,0.2558121643066406,0.40301400756835937,0.79096936181889,-2.289041689663152,nan,0.0,0.0,0.0,0.0,0.0,0.0
1785522197.1650221,0.5921803588867187,0.255947509765625,0.4030096740722656,0.7917232707712012,-2.289041689663152,nan,0.0,0.0,0.0,0.0,0.0,0.0
1785522197.2129073,0.5923974609375,0.25620791625976563,0.4030049438476563,0.7916677200705053,-2.289041689663152,nan,0.0,0.0,0.0,0.0,0.0,0.0
1785522197.2630546,0.5922952880859376,0.2558555908203125,0.4030566101074219,0.7917610367872062,-2.289041689663152,nan,0.0,0.0,0.0,0.0,0.0,0.0
1785522197.312823,0.5921943359375,0.25584107971191405,0.40314297485351563,0.7916703168336463,-2.289041689663152,nan,0.0,0.0,0.0,0.0,0.0,0.0
1785522197.3626654,0.5922072143554687,0.2560894470214844,0.40304214477539063,0.7915531500066012,-2.289041689663152,nan,0.0,0.0,0.0,0.0,0.0,0.0
1785522197.4124353,0.5924480590820312,0.25637368774414065,0.4032881774902344,0.7906547788458235,-2.289041689663152,nan,0.0,0.0,0.0,0.0,0.0,0.0
1785522197.4623284,0.5924353637695312,0.256082275390625,0.40299017333984377,0.7919980056419292,-2.289041689663152,nan,0.0,0.0,0.0,0.0,0.0,0.0
1785522197.512448,0.5921847534179687,0.2559063873291016,0.40305194091796875,0.7914055833696297,-2.289041689663152,nan,0.0,0.0,0.0,0.0,0.0,0.0
1785522197.5633404,0.5922218627929687,0.2558418273925781,0.4033639831542969,0.7908967184986159,-2.289041689663152,nan,0.0,0.0,0.0,0.0,0.0,0.0
1785522197.6126726,0.5922908935546876,0.25628405761718753,0.4030109252929688,0.7910369409691314,-2.289041689663152,nan,0.0,0.0,0.0,0.0,0.0,0.0
1785522197.6625774,0.5923021240234375,0.2562668151855469,0.40313369750976563,0.7916769206502008,-2.289041689663152,nan,0.0,0.0,0.0,0.0,0.0,0.0
1785522197.712881,0.592349853515625,0.25593365478515623,0.4030757751464844,0.7920523515013725,-2.289041689663152,nan,0.0,0.0,0.0,0.0,0.0,0.0
1785522197.7646632,0.59221142578125,0.2558435516357422,0.40313909912109375,0.791397973062374,-2.289041689663152,nan,0.0,0.0,0.0,0.0,0.0,0.0
1785522197.8128912,0.5923377685546876,0.2560628051757813,0.40329202270507813,0.7906873903099919,-2.289041689663152,nan,0.0,0.0,0.0,0.0,0.0,0.0
1785522197.8629599,0.5922855224609375,0.2561434020996094,0.40296011352539063,0.7911968611482776,-2.289041689663152,nan,0.0,0.0,0.0,0.0,0.0,0.0
1785522197.912472,0.5924223022460937,0.25623904418945315,0.4030113220214844,0.790748471781507,-2.289041689663152,nan,0.0,0.0,0.0,0.0,0.0,0.0
1785522197.962898,0.5924268188476562,0.25617800903320315,0.4029486389160156,0.7911634250555516,-2.289041689663152,nan,0.0,0.0,0.0,0.0,0.0,0.0
1785522198.0125785,0.5921427001953126,0.2557213287353516,0.40303497314453124,0.7914591834715142,-2.289041689663152,nan,0.0,0.0,0.0,0.0,0.0,0.0
1785522198.0623403,0.5922058715820313,0.25603890991210937,0.4030800476074219,0.7917624372330777,-2.289041689663152,nan,0.0,0.0,0.0,0.0,0.0,0.0
1785522198.1124165,0.5923975219726563,0.25626315307617187,0.40307369995117187,0.7912263456890565,-2.289041689663152,nan,0.0,0.0,0.0,0.0,0.0,0.0
1785522198.1623158,0.592356689453125,0.2559897613525391,0.4030030212402344,0.7913492133510772,-2.289041689663152,nan,0.0,0.0,0.0,0.0,0.0,0.0
1785522198.2123325,0.5921946411132812,0.25584605407714844,0.403064697265625,0.791982360027803,-2.289041689663152,nan,0.0,0.0,0.0,0.0,0.0,0.0
1785522198.2628918,0.5922166748046875,0.2559796295166016,0.4029842834472656,0.7913540591430616,-2.289041689663152,nan,0.0,0.0,0.0,0.0,0.0,0.0
1785522198.312889,0.5923838500976563,0.25617535400390623,0.4029314880371094,0.7907418153935356,-2.289041689663152,nan,0.0,0.0,0.0,0.0,0.0,0.0
1785522198.362758,0.5924031982421876,0.25622207641601563,0.4029852905273438,0.7915412465458604,-2.289041689663152,nan,0.0,0.0,0.0,0.0,0.0,0.0
1785522198.4128945,0.5923361206054688,0.2560715637207031,0.40296661376953125,0.7910162725313844,-2.289041689663152,nan,0.0,0.0,0.0,0.0,0.0,0.0
1785522198.4623241,0.5921068725585937,0.2558706665039063,0.403039794921875,0.7914747261530699,-2.289041689663152,nan,0.0,0.0,0.0,0.0,0.0,0.0
1785522198.5123415,0.59203173828125,0.25585025024414065,0.403072265625,0.791126752287468,-2.289041689663152,nan,0.0,0.0,0.0,0.0,0.0,0.0
1785522198.5627477,0.5923436279296875,0.2562490234375,0.40288729858398437,0.7910712161957083,-2.289041689663152,nan,0.0,0.0,0.0,0.0,0.0,0.0
1785522198.6128225,0.5923409423828125,0.25600595092773437,0.40296578979492187,0.791625504283633,-2.289041689663152,nan,0.0,0.0,0.0,0.0,0.0,0.0
1785522198.662411,0.5921550903320313,0.25584719848632814,0.40316702270507815,0.7914251965331636,-2.289041689663152,nan,0.0,0.0,0.0,0.0,0.0,0.0
1785522198.7123568,0.5921339721679688,0.25582647705078126,0.4030657958984375,0.7912414708154845,-2.289041689663152,nan,0.0,0.0,0.0,0.0,0.0,0.0
1785522198.762814,0.5921203002929688,0.25614089965820314,0.4031195068359375,0.7913256773219214,-2.289041689663152,nan,0.0,0.0,0.0,0.0,0.0,0.0
1785522198.8125868,0.5923828125,0.25614401245117185,0.4030204467773438,0.7916465367027878,-2.289041689663152,nan,0.0,0.0,0.0,0.0,0.0,0.0
1785522198.8635297,0.592498046875,0.2560989990234375,0.4032937622070313,0.7905683994743032,-2.289041689663152,nan,0.0,0.0,0.0,0.0,0.0,0.0
1785522198.912302,0.5921934814453125,0.255831298828125,0.4030599365234375,0.7916008293011626,-2.289041689663152,nan,0.0,0.0,0.0,0.0,0.0,0.0
1785522198.9623675,0.5922293701171875,0.2560256042480469,0.4029798278808594,0.7917438406587635,-2.289041689663152,nan,0.0,0.0,0.0,0.0,0.0,0.0
1785522199.012556,0.59228076171875,0.25609564208984376,0.403001220703125,0.7915329985890728,-2.289041689663152,nan,0.0,0.0,0.0,0.0,0.0,0.0
1785522199.063307,0.592448486328125,0.2561795654296875,0.40296109008789066,0.7915418424601958,-2.289041689663152,nan,0.0,0.0,0.0,0.0,0.0,0.0
1785522199.1123178,0.592310302734375,0.2557659454345703,0.4030729064941406,0.7916709998379262,-2.289041689663152,nan,0.0,0.0,0.0,0.0,0.0,0.0
1785522199.1623867,0.5922128295898438,0.2558241729736328,0.4030848693847656,0.7918732727490836,-2.289041689663152,nan,0.0,0.0,0.0,0.0,0.0,0.0
1785522199.2123694,0.5921858520507812,0.25609658813476566,0.40303240966796877,0.7908101512214729,-2.289041689663152,nan,0.0,0.0,0.0,0.0,0.0,0.0
1785522199.2624784,0.5924409790039062,0.2563203125,0.40298248291015626,0.7911445115990893,-2.289041689663152,nan,0.0,0.0,0.0,0.0,0.0,0.0
1785522199.3128114,0.5923903198242187,0.2561488952636719,0.40296243286132816,0.7920132900056664,-2.289041689663152,nan,0.0,0.0,0.0,0.0,0.0,0.0
1785522199.3630424,0.5923743286132812,0.2561703796386719,0.4030314025878906,0.7917010093171745,-2.289041689663152,nan,0.0,0.0,0.0,0.0,0.0,0.0
1785522199.4123158,0.5921353149414063,0.25594386291503907,0.40311370849609374,0.7916609495175845,-2.289041689663152,nan,0.0,0.0,0.0,0.0,0.0,0.0
1785522199.462469,0.592258056640625,0.25608670043945314,0.40302017211914065,0.7911261230962042,-2.289041689663152,nan,0.0,0.0,0.0,0.0,0.0,0.0
1785522199.5128305,0.592362060546875,0.2561590881347656,0.40295388793945314,0.7913090889966452,-2.289041689663152,nan,0.0,0.0,0.0,0.0,0.0,0.0
1785522199.5627666,0.5924398803710937,0.2560675048828125,0.4033306884765625,0.7910356098275707,-2.289041689663152,nan,0.0,0.0,0.0,0.0,0.0,0.0
1785522199.614524,0.5922660522460937,0.25575770568847656,0.40304360961914065,0.7915844637340167,-2.289041689663152,nan,0.0,0.0,0.0,0.0,0.0,0.0
1785522199.6623971,0.5922111206054688,0.2559278259277344,0.4029618835449219,0.7910197978040637,-2.289041689663152,nan,0.0,0.0,0.0,0.0,0.0,0.0
1785522199.7123125,0.592507080078125,0.2562625122070313,0.4032919921875,0.7904221735956354,-2.289041689663152,nan,0.0,0.0,0.0,0.0,0.0,0.0
1785522199.762339,0.5923764648437501,0.2561184997558594,0.4030213928222656,0.7915790569479338,-2.289041689663152,nan,0.0,0.0,0.0,0.0,0.0,0.0
1785522199.8128154,0.5922263793945313,0.255801025390625,0.40309317016601565,0.7915389050364533,-2.289041689663152,nan,0.0,0.0,0.0,0.0,0.0,0.0
1785522199.8624363,0.5921207885742188,0.25594163513183593,0.40305752563476566,0.7915457944438254,-2.289041689663152,nan,0.0,0.0,0.0,0.0,0.0,0.0
1785522199.9123647,0.5923338623046875,0.25613418579101566,0.4029375,0.7912882545361841,-2.289041689663152,nan,0.0,0.0,0.0,0.0,0.0,0.0
1785522199.9637573,0.5924169921875,0.2562344970703125,0.40303240966796877,0.791392981595771,-2.289041689663152,nan,0.0,0.0,0.0,0.0,0.0,0.0
1785522200.012841,0.5923495483398438,0.2559622497558594,0.40298147583007815,0.791970744035774,-2.289041689663152,nan,0.0,0.0,0.0,0.0,0.0,0.0
1785522200.0624075,0.592151611328125,0.25588972473144533,0.40309552001953125,0.7914667113854461,-2.289041689663152,nan,0.0,0.0,0.0,0.0,0.0,0.0
1785522200.1126745,0.59224267578125,0.25591839599609373,0.40298095703125003,0.7916961701456925,-2.289041689663152,nan,0.0,0.0,0.0,0.0,0.0,0.0
1785522200.162428,0.592442626953125,0.25629275512695315,0.4032812194824219,0.7905127570946021,-2.289041689663152,nan,0.0,0.0,0.0,0.0,0.0,0.0
1785522200.2128632,0.59238916015625,0.25609115600585936,0.4030555114746094,0.7914838864824257,-2.289041689663152,nan,0.0,0.0,0.0,0.0,0.0,0.0
1785522200.2624362,0.59221630859375,0.25585006713867187,0.4029864807128906,0.7915405690420436,-2.289041689663152,nan,0.0,0.0,0.0,0.0,0.0,0.0
1785522200.3128953,0.5921790771484375,0.25594200134277345,0.40305255126953127,0.791728639220297,-2.289041689663152,nan,0.0,0.0,0.0,0.0,0.0,0.0
1785522200.3623269,0.5922381591796875,0.25609445190429686,0.4029757080078125,0.7919959296689499,-2.289041689663152,nan,0.0,0.0,0.0,0.0,0.0,0.0
1785522200.4123714,0.5921866455078125,0.256080322265625,0.4031217956542969,0.7910704369768315,-2.289041689663152,nan,0.0,0.0,0.2,0.0,0.0,0.08
1785522200.4623208,0.5923395385742187,0.2559510192871094,0.40302423095703127,0.7918936192595138,-2.289041689663152,nan,0.0,0.0,0.2,0.0,0.0,0.16
1785522200.5123215,0.592274169921875,0.2557813110351563,0.40296795654296874,0.7925591955043414,-2.289041689663152,nan,0.0,0.0,0.2,0.0,0.0,0.2
1785522200.5623915,0.5922442626953125,0.2559020538330078,0.40304409790039064,0.7919859909138923,-2.289041689663152,nan,0.0,0.0,0.2,0.0,0.0,0.2
1785522200.6123247,0.5907109375,0.2559495391845703,0.40273336791992187,0.8035186175856792,-2.289041689663152,nan,0.0,0.0,0.2,0.0,0.0,0.2
1785522200.6628025,0.589513427734375,0.2562097473144531,0.40158441162109376,0.8096451611895509,-2.289041689663152,nan,0.0,0.0,0.2,0.0,0.0,0.2
1785522200.7123134,0.5879230346679688,0.2576239318847656,0.40183538818359377,0.8187499460990425,-2.289041689663152,nan,0.0,0.0,0.2,0.0,0.0,0.2
1785522200.7623072,0.5883143310546876,0.25886981201171877,0.40089523315429687,0.8250380094353803,-2.289041689663152,nan,0.0,0.0,0.2,0.0,0.0,0.2
1785522200.812322,0.5897300415039063,0.26112164306640623,0.3994354248046875,0.830182239710299,-2.289041689663152,nan,0.0,0.0,0.2,0.0,0.0,0.2
1785522200.862598,0.5914153442382812,0.2630681762695313,0.397689453125,0.83399645728075,-2.289041689663152,nan,0.0,0.0,0.2,0.0,0.0,0.2
1785522200.9123492,0.5925902709960937,0.26221939086914064,0.3981403503417969,0.8441194116601154,-2.289041689663152,nan,0.0,0.0,0.2,0.0,0.0,0.2
1785522200.9623349,0.5948157958984375,0.26162646484375,0.39754232788085936,0.857492175556015,-2.289041689663152,nan,0.0,0.0,0.2,0.0,0.0,0.2
1785522201.0123267,0.5961818847656251,0.26046343994140625,0.3960259704589844,0.8683636834052431,-2.289041689663152,nan,0.0,0.0,0.2,0.0,0.0,0.2
1785522201.0623498,0.5976129760742188,0.2588071899414063,0.39591705322265625,0.8806323982754728,-2.289041689663152,nan,0.0,0.0,0.2,0.0,0.0,0.2
1785522201.1123235,0.5997161254882812,0.25623153686523437,0.3948526306152344,0.8933332819358829,-2.289041689663152,nan,0.0,0.0,0.2,0.0,0.0,0.2
1785522201.1623077,0.6011664428710938,0.25485925292968753,0.3945625915527344,0.9013838034302806,-2.289041689663152,nan,0.0,0.0,0.2,0.0,0.0,0.2
1785522201.2123554,0.6034143676757813,0.2531089630126953,0.3936972351074219,0.9158348951905965,-2.289041689663152,nan,0.0,0.0,0.2,0.0,0.0,0.2
1785522201.2623165,0.60527783203125,0.2518756408691406,0.3955180358886719,0.9255152227557719,-2.289041689663152,nan,0.0,0.0,0.2,0.0,0.0,0.2
1785522201.3123324,0.6074041137695313,0.2508346862792969,0.39753170776367186,0.9322473565106105,-2.289041689663152,nan,0.0,0.0,0.2,0.0,0.0,0.2
1785522201.3633285,0.6082265014648438,0.24958807373046876,0.3960973510742188,0.9398323179376391,-2.289041689663152,nan,0.0,0.0,0.2,0.0,0.0,0.2
1785522201.4123082,0.6095155029296875,0.24825270080566406,0.3967645263671875,0.9489441008919344,-2.289041689663152,nan,0.0,0.0,0.2,0.0,0.0,0.2
1785522201.4628804,0.6107344970703125,0.2470081024169922,0.39686978149414065,0.9579665259840008,-2.289041689663152,nan,0.0,0.0,0.2,0.0,0.0,0.2
1785522201.5123541,0.612012939453125,0.24615037536621096,0.39714999389648437,0.9656999973088212,-2.289041689663152,nan,0.0,0.0,0.2,0.0,0.0,0.2
1785522201.5630999,0.6128330078125,0.2458485565185547,0.39706350708007815,0.9684612269632282,-2.289041689663152,nan,0.0,0.0,0.2,0.0,0.0,0.2
1785522201.6131632,0.6151334228515625,0.245143310546875,0.3972403259277344,0.9744340826053581,-2.289041689663152,nan,0.0,0.0,0.2,0.0,0.0,0.2
1785522201.6623194,0.6167413940429688,0.2429552917480469,0.39998367309570315,0.9890067899383157,-2.289041689663152,nan,0.0,0.0,0.2,0.0,0.0,0.2
1785522201.7130148,0.6170631713867187,0.24209156799316406,0.39960589599609375,0.9948398288478536,-2.289041689663152,nan,0.0,0.0,0.2,0.0,0.0,0.2
1785522201.76239,0.617903076171875,0.2399042510986328,0.3973282470703125,1.0098434662459592,-2.289041689663152,nan,0.0,0.0,0.2,0.0,0.0,0.2
1785522201.8123221,0.618892333984375,0.23679566955566406,0.3967151184082031,1.028107961471662,-2.289041689663152,nan,0.0,0.0,0.2,0.0,0.0,0.2
1785522201.8623974,0.6193819580078125,0.235643798828125,0.39622491455078124,1.0325105411409052,-2.289041689663152,nan,0.0,0.0,0.2,0.0,0.0,0.2
1785522201.9123242,0.6198721923828125,0.23269410705566407,0.39547378540039063,1.0463535697092758,-2.289041689663152,nan,0.0,0.0,0.2,0.0,0.0,0.2
1785522201.9623175,0.6203999633789062,0.23060885620117189,0.39525369262695315,1.0612800189738307,-2.289041689663152,nan,0.0,0.0,0.2,0.0,0.0,0.2
1785522202.0149553,0.6215369873046875,0.2297621307373047,0.39749563598632814,1.0671199607304738,-2.289041689663152,nan,0.0,0.0,0.2,0.0,0.0,0.2
1785522202.062321,0.6227265625,0.22951716613769532,0.39671270751953125,1.0753957020495948,-2.289041689663152,nan,0.0,0.0,0.2,0.0,0.0,0.2
1785522202.1124353,0.6234734497070312,0.22936766052246094,0.39611215209960937,1.0817738091504872,-2.289041689663152,nan,0.0,0.0,0.2,0.0,0.0,0.2
1785522202.1623154,0.6249053955078125,0.22939985656738282,0.39672131347656253,1.0919394358754189,-2.289041689663152,nan,0.0,0.0,0.2,0.0,0.0,0.2
1785522202.2128267,0.625988525390625,0.22981306457519532,0.3967458801269531,1.100566282581737,-2.289041689663152,nan,0.0,0.0,0.2,0.0,0.0,0.2
1785522202.2623081,0.6271188354492188,0.2307998046875,0.39665225219726563,1.1084321933278822,-2.289041689663152,nan,0.0,0.0,0.2,0.0,0.0,0.2
1785522202.3123486,0.6283998413085937,0.2320807342529297,0.3966670837402344,1.1137822368562926,-2.289041689663152,nan,0.0,0.0,0.2,0.0,0.0,0.2
1785522202.3630214,0.6295396118164063,0.23129893493652345,0.39886453247070314,1.1236621929585082,-2.289041689663152,nan,0.0,0.0,0.2,0.0,0.0,0.2
1785522202.4123945,0.6303551025390625,0.23048976135253907,0.39890234375,1.1336993915499411,-2.289041689663152,nan,0.0,0.0,0.2,0.0,0.0,0.2
1785522202.462656,0.6317086181640625,0.22830413818359374,0.3967128295898438,1.1476826100419946,-2.289041689663152,nan,0.0,0.0,0.2,0.0,0.0,0.2
1785522202.5123763,0.6322539672851563,0.2271143493652344,0.3967324829101563,1.1553560557437819,-2.289041689663152,nan,0.0,0.0,0.2,0.0,0.0,0.2
1785522202.563305,0.6322957153320312,0.22673559570312501,0.39681976318359374,1.1558621143724086,-2.289041689663152,nan,0.0,0.0,0.2,0.0,0.0,0.2
1785522202.6123114,0.6345517578125001,0.22085456848144533,0.395082763671875,1.181493332730274,-2.289041689663152,nan,0.0,0.0,0.2,0.0,0.0,0.2
1785522202.6626742,0.6347327880859375,0.21850680541992187,0.3939504089355469,1.1936449785085013,-2.289041689663152,nan,0.0,0.0,0.2,0.0,0.0,0.2
1785522202.7128644,0.6361142578125,0.21765534973144532,0.3973710632324219,1.202692777267445,-2.289041689663152,nan,0.0,0.0,0.2,0.0,0.0,0.2
1785522202.7623744,0.6371753540039062,0.21746723937988283,0.3980567626953125,1.2097896926471556,-2.289041689663152,nan,0.0,0.0,0.2,0.0,0.0,0.2
1785522202.8128662,0.6383171997070313,0.21758187866210937,0.39632281494140625,1.2194850815956468,-2.289041689663152,nan,0.0,0.0,0.2,0.0,0.0,0.2
1785522202.8623073,0.639541748046875,0.21828134155273438,0.397021484375,1.2270053177046492,-2.289041689663152,nan,0.0,0.0,0.2,0.0,0.0,0.2
1785522202.912321,0.640559814453125,0.21932147216796877,0.39677288818359374,1.2352047650399067,-2.289041689663152,nan,0.0,0.0,0.2,0.0,0.0,0.2
1785522202.9628782,0.64139013671875,0.22045820617675782,0.39681320190429686,1.2409266641298036,-2.289041689663152,nan,0.0,0.0,0.2,0.0,0.0,0.2
1785522203.0128481,0.6419833374023438,0.22294345092773438,0.395744873046875,1.2488683754692798,-2.289041689663152,nan,0.0,0.0,0.2,0.0,0.0,0.2
1785522203.0623312,0.6438153076171875,0.22239955139160156,0.3979979553222656,1.2578744337833077,-2.289041689663152,nan,0.0,0.0,0.2,0.0,0.0,0.2
1785522203.1128151,0.6454519653320313,0.22164608764648439,0.3980223388671875,1.2699392788545503,-2.289041689663152,nan,0.0,0.0,0.2,0.0,0.0,0.2
1785522203.1629276,0.6469418334960938,0.22041972351074218,0.39589630126953124,1.2806003997575692,-2.289041689663152,nan,0.0,0.0,0.2,0.0,0.0,0.2
1785522203.212824,0.6488447265625,0.21818618774414064,0.39570730590820313,1.2964871619186273,-2.289041689663152,nan,0.0,0.0,0.2,0.0,0.0,0.2
1785522203.262423,0.64993505859375,0.21650639343261718,0.39483447265625,1.30468196979298,-2.289041689663152,nan,0.0,0.0,0.2,0.0,0.0,0.2
1785522203.3129022,0.650992431640625,0.21444497680664062,0.39426202392578125,1.3143032272116073,-2.289041689663152,nan,0.0,0.0,0.2,0.0,0.0,0.2
1785522203.3623548,0.6514397583007813,0.21255018615722657,0.39347732543945313,1.323374364338321,-2.289041689663152,nan,0.0,0.0,0.2,0.0,0.0,0.2
1785522203.4123316,0.6524591674804687,0.21099964904785157,0.3949977722167969,1.3364619625292684,-2.289041689663152,nan,0.0,0.0,0.2,0.0,0.0,0.2
1785522203.4623222,0.6535618896484375,0.20969606018066406,0.3971719665527344,1.3413459726150858,-2.289041689663152,nan,0.0,0.0,0.2,0.0,0.0,0.2
1785522203.5123398,0.6543153686523437,0.20825706481933595,0.39531427001953123,1.350910638531485,-2.289041689663152,nan,0.0,0.0,0.2,0.0,0.0,0.2
1785522203.5627875,0.6557713012695313,0.20775813293457032,0.3960529174804688,1.359145674719611,-2.289041689663152,nan,0.0,0.0,0.2,0.0,0.0,0.2
1785522203.612296,0.6572777099609375,0.20739830017089844,0.3960798950195313,1.3681600602130266,-2.289041689663152,nan,0.0,0.0,0.2,0.0,0.0,0.2
1785522203.662352,0.6589388427734375,0.20737800598144532,0.39626589965820314,1.3744284195028469,-2.289041689663152,nan,0.0,0.0,0.2,0.0,0.0,0.2
1785522203.712327,0.6606934204101562,0.2078260955810547,0.39619924926757816,1.3816799823950674,-2.289041689663152,nan,0.0,0.0,0.2,0.0,0.0,0.2
1785522203.7626672,0.6628435668945313,0.20825959777832032,0.3962651977539063,1.3857793678396215,-2.289041689663152,nan,0.0,0.0,0.2,0.0,0.0,0.2
1785522203.812311,0.6649772338867188,0.20791204833984375,0.3990578918457031,1.3986826282427154,-2.289041689663152,nan,0.0,0.0,0.2,0.0,0.0,0.2
1785522203.8640392,0.6672439575195312,0.2070767059326172,0.3975396728515625,1.4142756597998651,-2.289041689663152,nan,0.0,0.0,0.2,0.0,0.0,0.2
1785522203.9128194,0.6688367309570312,0.20583375549316407,0.3969027099609375,1.4288286777795458,-2.289041689663152,nan,0.0,0.0,0.2,0.0,0.0,0.2
1785522203.9624374,0.669660400390625,0.2056036834716797,0.39691851806640627,1.434107642605053,-2.289041689663152,nan,0.0,0.0,0.2,0.0,0.0,0.2
1785522204.012542,0.6722471313476562,0.20351564025878907,0.39553713989257816,1.4473865008879574,-2.289041689663152,nan,0.0,0.0,0.2,0.0,0.0,0.2
1785522204.0625725,0.6732735595703125,0.20282240295410156,0.39528945922851566,1.4556412495512154,-2.289041689663152,nan,0.0,0.0,0.2,0.0,0.0,0.2
1785522204.11231,0.674512451171875,0.20141899108886718,0.39433831787109375,1.47051634211793,-2.289041689663152,nan,0.0,0.0,0.2,0.0,0.0,0.2
1785522204.1622705,0.675868896484375,0.2013946533203125,0.39732025146484373,1.4784125436638325,-2.289041689663152,nan,0.0,0.0,0.2,0.0,0.0,0.2
1785522204.2123153,0.6770592651367188,0.20126736450195312,0.39669906616210937,1.4868115768131818,-2.289041689663152,nan,0.0,0.0,0.2,0.0,0.0,0.2
1785522204.2623453,0.6778182373046875,0.20110615539550783,0.39600518798828127,1.4956633910501649,-2.289041689663152,nan,0.0,0.0,0.2,0.0,0.0,0.2
1785522204.3128169,0.6788328857421875,0.20118714904785157,0.3966165466308594,1.5035291410903318,-2.289041689663152,nan,0.0,0.0,0.2,0.0,0.0,0.2
1785522204.362838,0.6792106323242187,0.20127964782714844,0.39649490356445316,1.5076095324580965,-2.289041689663152,nan,0.0,0.0,0.2,0.0,0.0,0.2
1785522204.4128387,0.6806358642578125,0.20237577819824218,0.396728515625,1.5193178946150356,-2.289041689663152,nan,0.0,0.0,0.2,0.0,0.0,0.2
1785522204.4662068,0.681238525390625,0.20346389770507814,0.3962855224609375,1.5240544903150344,-2.289041689663152,nan,0.0,0.0,0.2,0.0,0.0,0.2
1785522204.5128617,0.6831129760742187,0.20336801147460937,0.3987722778320313,1.532332117798183,-2.289041689663152,nan,0.0,0.0,0.2,0.0,0.0,0.2
1785522204.5624046,0.6852281494140625,0.20238594055175782,0.3980520935058594,1.548606827436149,-2.289041689663152,nan,0.0,0.0,0.2,0.0,0.0,0.2
1785522204.6128566,0.687045166015625,0.20126806640625,0.3967090454101563,1.5619682272917397,-2.289041689663152,nan,0.0,0.0,0.2,0.0,0.0,0.2
1785522204.6624143,0.6887824096679688,0.20011373901367188,0.3966283569335938,1.5746829302433554,-2.289041689663152,nan,0.0,0.0,0.2,0.0,0.0,0.2
1785522204.7123392,0.6904767456054688,0.19880538940429687,0.39564373779296874,1.5832467374825787,-2.289041689663152,nan,0.0,0.0,0.2,0.0,0.0,0.2
1785522204.7624304,0.6914417114257813,0.19747387695312502,0.395563232421875,1.5906195122048061,-2.289041689663152,nan,0.0,0.0,0.2,0.0,0.0,0.2
1785522204.8123708,0.693022705078125,0.19562225341796877,0.3938076171875,1.6051466015390192,-2.289041689663152,nan,0.0,0.0,0.2,0.0,0.0,0.2
1785522204.8623233,0.6943674926757812,0.19566741943359375,0.39666485595703127,1.6140532549976279,-2.289041689663152,nan,0.0,0.0,0.2,0.0,0.0,0.2
1785522204.9123368,0.6955294189453125,0.19608668518066408,0.3965433349609375,1.6213643446902373,-2.289041689663152,nan,0.0,0.0,0.2,0.0,0.0,0.2
1785522204.9623253,0.6959443359375,0.1963955078125,0.3951269226074219,1.6278763817200017,-2.289041689663152,nan,0.0,0.0,0.2,0.0,0.0,0.2
1785522205.0129664,0.6967809448242188,0.19695681762695313,0.3959670104980469,1.63640998439357,-2.289041689663152,nan,0.0,0.0,0.2,0.0,0.0,0.2
1785522205.062317,0.6975515136718751,0.19781724548339844,0.39575503540039064,1.6461507962600774,-2.289041689663152,nan,0.0,0.0,0.2,0.0,0.0,0.2
1785522205.1128953,0.6977254028320312,0.19884614562988281,0.3959036254882813,1.6533034962632522,-2.289041689663152,nan,0.0,0.0,0.2,0.0,0.0,0.2
1785522205.162312,0.697498046875,0.2007742919921875,0.39536026000976565,1.660154798408807,-2.289041689663152,nan,0.0,0.0,0.2,0.0,0.0,0.2
1785522205.2128363,0.6987048950195313,0.20127183532714843,0.39729162597656253,1.6668713071192174,-2.289041689663152,nan,0.0,0.0,0.2,0.0,0.0,0.2
1785522205.2627923,0.6998136596679687,0.2016263427734375,0.3978523864746094,1.679410663989211,-2.289041689663152,nan,0.0,0.0,0.2,0.0,0.0,0.2
1785522205.3123684,0.7012738037109375,0.20172589111328126,0.39595425415039065,1.6918726424124093,-2.289041689663152,nan,0.0,0.0,0.2,0.0,0.0,0.2
1785522205.3626382,0.7030416870117188,0.20086317443847657,0.39586892700195314,1.7054681937210132,-2.289041689663152,nan,0.0,0.0,0.2,0.0,0.0,0.2
1785522205.4128716,0.7046524047851562,0.20027293395996093,0.3951520690917969,1.7150953262804884,-2.289041689663152,nan,0.0,0.0,0.2,0.0,0.0,0.2
1785522205.4627807,0.7054030151367188,0.1998411865234375,0.39473834228515625,1.7195361917931282,-2.289041689663152,nan,0.0,0.0,0.2,0.0,0.0,0.2
1785522205.5123708,0.7063678588867187,0.19936676025390626,0.39461441040039064,1.7253061588193068,-2.289041689663152,nan,0.0,0.0,0.2,0.0,0.0,0.2
1785522205.5627992,0.708713134765625,0.1973873291015625,0.393558837890625,1.7449564040847072,-2.289041689663152,nan,0.0,0.0,0.2,0.0,0.0,0.2
1785522205.6123137,0.7106221923828125,0.19778160095214845,0.3967902526855469,1.7549361285474467,-2.289041689663152,nan,0.0,0.0,0.2,0.0,0.0,0.2
1785522205.6627748,0.7119182739257812,0.19778988647460938,0.39538504028320315,1.762729510078463,-2.289041689663152,nan,0.0,0.0,0.2,0.0,0.0,0.2
1785522205.7123182,0.7130836181640625,0.19797972106933595,0.3953049011230469,1.769955865669359,-2.289041689663152,nan,0.0,0.0,0.2,0.0,0.0,0.2
1785522205.7626245,0.7147278442382813,0.19827288818359376,0.3958318786621094,1.7790687659460345,-2.289041689663152,nan,0.0,0.0,0.2,0.0,0.0,0.2
1785522205.812317,0.7163395385742187,0.19883680725097658,0.39609646606445315,1.7882461924212127,-2.289041689663152,nan,0.0,0.0,0.2,0.0,0.0,0.2
1785522205.862864,0.7172440795898438,0.19946766662597656,0.39613677978515627,1.7938611364502077,-2.289041689663152,nan,0.0,0.0,0.2,0.0,0.0,0.2
1785522205.9128428,0.7185353393554688,0.20046409606933593,0.3959229431152344,1.798318365998127,-2.289041689663152,nan,0.0,0.0,0.2,0.0,0.0,0.2
1785522205.9623826,0.7201058349609375,0.20066001892089844,0.39791738891601564,1.803578966820433,-2.289041689663152,nan,0.0,0.0,0.2,0.0,0.0,0.2
1785522206.015179,0.7223408203125,0.20078178405761718,0.39796890258789064,1.8232248505399968,-2.289041689663152,nan,0.0,0.0,0.2,0.0,0.0,0.2
1785522206.0633028,0.7235017700195313,0.20056195068359375,0.39621987915039064,1.8351677100919115,-2.289041689663152,nan,0.0,0.0,0.2,0.0,0.0,0.2
1785522206.1125083,0.7249639282226563,0.19964610290527343,0.39617477416992186,1.8488563605848665,-2.289041689663152,nan,0.0,0.0,0.2,0.0,0.0,0.2
1785522206.163186,0.7258724365234375,0.19920478820800783,0.395323974609375,1.8563426912331273,-2.289041689663152,nan,0.0,0.0,0.2,0.0,0.0,0.2
1785522206.2132218,0.7273277587890625,0.1979159393310547,0.3948398742675781,1.8686702796981267,-2.289041689663152,nan,0.0,0.0,0.2,0.0,0.0,0.2
1785522206.262349,0.7284240112304687,0.19605143737792968,0.39346469116210936,1.8846286191864694,-2.289041689663152,nan,0.0,0.0,0.2,0.0,0.0,0.2
1785522206.3133533,0.7293134765625,0.19619363403320314,0.3965784912109375,1.8926950865326513,-2.289041689663152,nan,0.0,0.0,0.2,0.0,0.0,0.2
1785522206.3623815,0.730438720703125,0.19637643432617188,0.39708441162109376,1.89972168404407,-2.289041689663152,nan,0.0,0.0,0.2,0.0,0.0,0.2
1785522206.4123302,0.7317301635742187,0.19649473571777343,0.39547967529296874,1.910197182286482,-2.289041689663152,nan,0.0,0.0,0.2,0.0,0.0,0.2
1785522206.463037,0.7329896240234375,0.1970108184814453,0.39625106811523436,1.9176482056773474,-2.289041689663152,nan,0.0,0.0,0.2,0.0,0.0,0.2
1785522206.5123339,0.7341517944335938,0.19782192993164063,0.39606768798828124,1.926135416016687,-2.289041689663152,nan,0.0,0.0,0.2,0.0,0.0,0.2
1785522206.5623345,0.735120849609375,0.19886241149902345,0.39631884765625003,1.9331359639266845,-2.289041689663152,nan,0.0,0.0,0.2,0.0,0.0,0.2
1785522206.6125278,0.7356784057617187,0.20050076293945313,0.3959792175292969,1.939589343430484,-2.289041689663152,nan,0.0,0.0,0.2,0.0,0.0,0.2
1785522206.6627612,0.7376913452148438,0.20117933654785156,0.39829019165039065,1.9449132789073293,-2.289041689663152,nan,0.0,0.0,0.2,0.0,0.0,0.2
1785522206.7128086,0.7393785400390626,0.2016133728027344,0.3984898376464844,1.9596228864561924,-2.289041689663152,nan,0.0,0.0,0.2,0.0,0.0,0.2
1785522206.7632904,0.740570556640625,0.20161724853515625,0.3963974609375,1.97167582952584,-2.289041689663152,nan,0.0,0.0,0.2,0.0,0.0,0.2
1785522206.812334,0.7424569091796875,0.2013759765625,0.39619366455078125,1.986168600514297,-2.289041689663152,nan,0.0,0.0,0.2,0.0,0.0,0.2
1785522206.8635817,0.7436275024414063,0.20111663818359377,0.3955401000976563,1.9934015857098242,-2.289041689663152,nan,0.0,0.0,0.2,0.0,0.0,0.2
1785522206.9123836,0.7456617431640625,0.20057630920410158,0.39493029785156253,2.0053781414099103,-2.289041689663152,nan,0.0,0.0,0.2,0.0,0.0,0.2
1785522206.9623172,0.7470826416015626,0.19963294982910157,0.3940142822265625,2.0181047605786477,-2.289041689663152,nan,0.0,0.0,0.2,0.0,0.0,0.2
1785522207.0126646,0.7480557250976563,0.19953132629394532,0.39455450439453127,2.0289896432846417,-2.289041689663152,nan,0.0,0.0,0.2,0.0,0.0,0.2
1785522207.063017,0.7492351684570313,0.20006100463867188,0.3972410583496094,2.0362083615930064,-2.289041689663152,nan,0.0,0.0,0.2,0.0,0.0,0.2
1785522207.112348,0.7504589233398438,0.20067152404785157,0.39530923461914064,2.044796014232603,-2.289041689663152,nan,0.0,0.0,0.2,0.0,0.0,0.2
1785522207.162779,0.7515983276367187,0.20179843139648437,0.39594909667968753,2.0520104967255524,-2.289041689663152,nan,0.0,0.0,0.2,0.0,0.0,0.2
1785522207.2123458,0.7527745361328125,0.20285348510742188,0.3959572448730469,2.0621988561585263,-2.289041689663152,nan,0.0,0.0,0.2,0.0,0.0,0.2
1785522207.2626987,0.7537680053710938,0.20417459106445313,0.39626458740234377,2.0704816204888656,-2.289041689663152,nan,0.0,0.0,0.2,0.0,0.0,0.2
1785522207.3123205,0.7541550292968751,0.20505987548828125,0.3961140441894531,2.0763277440620493,-2.289041689663152,nan,0.0,0.0,0.2,0.0,0.0,0.2
1785522207.3631864,0.7550692138671875,0.2062386474609375,0.39640240478515626,2.0799563193553454,-2.289041689663152,nan,0.0,0.0,0.2,0.0,0.0,0.2
1785522207.4128423,0.757346435546875,0.20628790283203124,0.39872509765625,2.094616110027922,-2.289041689663152,nan,0.0,0.0,0.2,0.0,0.0,0.2
1785522207.4626672,0.7594034423828125,0.20610845947265624,0.39651620483398436,2.1092160925974492,-2.289041689663152,nan,0.0,0.0,0.2,0.0,0.0,0.2
1785522207.5123868,0.7602069091796875,0.20571315002441407,0.3957591247558594,2.115208861158479,-2.289041689663152,nan,0.0,0.0,0.2,0.0,0.0,0.2
1785522207.5631025,0.7634092407226563,0.2042295379638672,0.39523187255859377,2.1321588758497674,-2.289041689663152,nan,0.0,0.0,0.2,0.0,0.0,0.2
1785522207.6132922,0.7656500244140625,0.2028611755371094,0.39431793212890626,2.141169417963276,-2.289041689663152,nan,0.0,0.0,0.2,0.0,0.0,0.2
1785522207.6628916,0.7676842041015625,0.20038821411132812,0.3933639831542969,2.154009132618912,-2.289041689663152,nan,0.0,0.0,0.2,0.0,0.0,0.2
1785522207.7128232,0.7692432861328126,0.19857722473144532,0.39320883178710936,2.16767093062194,-2.289041689663152,nan,0.0,0.0,0.2,0.0,0.0,0.2
1785522207.7627227,0.7704340209960938,0.19834785461425783,0.3952737731933594,2.174188877656356,-2.289041689663152,nan,0.0,0.0,0.2,0.0,0.0,0.2
1785522207.8123496,0.7712689819335937,0.19930142211914062,0.3942591247558594,2.182362420078652,-2.289041689663152,nan,0.0,0.0,0.2,0.0,0.0,0.2
1785522207.8627977,0.7719649658203125,0.20132614135742188,0.39348486328125,2.1899081405773146,-2.289041689663152,nan,0.0,0.0,0.2,0.0,0.0,0.2
1785522207.912334,0.7723944702148438,0.20357160949707032,0.3938183898925781,2.197567353422514,-2.289041689663152,nan,0.0,0.0,0.2,0.0,0.0,0.2
1785522207.9623284,0.7723489990234376,0.20574067687988282,0.3935943298339844,2.2043284600656157,-2.289041689663152,nan,0.0,0.0,0.2,0.0,0.0,0.2
1785522208.0123374,0.7717730102539062,0.2073994140625,0.3933767395019531,2.212099003036748,-2.289041689663152,nan,0.0,0.0,0.2,0.0,0.0,0.2
1785522208.0623455,0.7712715454101563,0.20939459228515625,0.39317950439453125,2.2173853566563033,-2.289041689663152,nan,0.0,0.0,0.2,0.0,0.0,0.2
1785522208.1123333,0.7731466064453125,0.21016497802734374,0.3953287658691406,2.2291418298224994,-2.289041689663152,nan,0.0,0.0,0.2,0.0,0.0,0.2
1785522208.1625328,0.7747012939453125,0.21092274475097655,0.39473699951171876,2.242287872808227,-2.289041689663152,nan,0.0,0.0,0.2,0.0,0.0,0.2
1785522208.2128313,0.7764334106445313,0.21072402954101563,0.39338232421875,2.2558347242426415,-2.289041689663152,nan,0.0,0.0,0.2,0.0,0.0,0.2
1785522208.2623868,0.7768644409179688,0.210595703125,0.39337173461914066,2.25860480111953,-2.289041689663152,nan,0.0,0.0,0.2,0.0,0.0,0.2
1785522208.3128316,0.7799774780273437,0.2094735565185547,0.39221237182617186,2.2776271495955576,-2.289041689663152,nan,0.0,0.0,0.2,0.0,0.0,0.2
1785522208.3626533,0.7816339721679688,0.20845077514648438,0.3918648681640625,2.285458247462504,-2.289041689663152,nan,0.0,0.0,0.2,0.0,0.0,0.2
1785522208.412372,0.782378662109375,0.20759475708007813,0.39122241210937503,2.2908617178768798,-2.289041689663152,nan,0.0,0.0,0.2,0.0,0.0,0.2
1785522208.462365,0.7830159912109376,0.2066818542480469,0.39084609985351565,2.295441496207956,-2.289041689663152,nan,0.0,0.0,0.2,0.0,0.0,0.2
1785522208.5123618,0.7853777465820313,0.20592262268066408,0.39435620117187503,2.3079768254300728,-2.289041689663152,nan,0.0,0.0,0.2,0.0,0.0,0.2
1785522208.5623622,0.787804443359375,0.2059407501220703,0.39373529052734374,2.3215187015131247,-2.289041689663152,nan,0.0,0.0,0.2,0.0,0.0,0.2
1785522208.6128187,0.78921142578125,0.20673725891113282,0.3944476013183594,2.3308570813782503,-2.289041689663152,nan,0.0,0.0,0.2,0.0,0.0,0.2
1785522208.6623294,0.7904791870117188,0.2081127166748047,0.394352294921875,2.339483345252007,-2.289041689663152,nan,0.0,0.0,0.2,0.0,0.0,0.2
1785522208.7123187,0.7914753417968751,0.20992889404296874,0.39447573852539064,2.3463515086748985,-2.289041689663152,nan,0.0,0.0,0.2,0.0,0.0,0.2
1785522208.7623277,0.7921810302734376,0.21170103454589845,0.39433526611328124,2.351689002746188,-2.289041689663152,nan,0.0,0.0,0.2,0.0,0.0,0.2
1785522208.812848,0.7936958618164063,0.21345243835449218,0.39602911376953126,2.3563094791540604,-2.289041689663152,nan,0.0,0.0,0.2,0.0,0.0,0.2
1785522208.8622565,0.7954838256835938,0.2148852996826172,0.39713931274414066,2.371248434184117,-2.289041689663152,nan,0.0,0.0,0.2,0.0,0.0,0.2
1785522208.9128327,0.7958507690429688,0.2151903533935547,0.39671405029296875,2.3759407857469976,-2.289041689663152,nan,0.0,0.0,0.2,0.0,0.0,0.2
1785522208.9623082,0.7978359985351563,0.215606201171875,0.39473690795898436,2.3967279756745454,-2.289041689663152,nan,0.0,0.0,0.2,0.0,0.0,0.2
1785522209.0123885,0.7984923706054687,0.21572431945800782,0.3947527770996094,2.4019606534332247,-2.289041689663152,nan,0.0,0.0,0.2,0.0,0.0,0.2
1785522209.0623982,0.8004147338867188,0.2156936492919922,0.393561279296875,2.4151798165468352,-2.289041689663152,nan,0.0,0.0,0.2,0.0,0.0,0.2
1785522209.1123252,0.8020977783203125,0.21530786132812502,0.3927640380859375,2.430908400884686,-2.289041689663152,nan,0.0,0.0,0.2,0.0,0.0,0.2
1785522209.162365,0.8029716796875,0.2150682830810547,0.3922278442382813,2.4402179356935148,-2.289041689663152,nan,0.0,0.0,0.2,0.0,0.0,0.2
1785522209.2123141,0.8042420043945313,0.21598739624023439,0.3960456848144531,2.4509073963621892,-2.289041689663152,nan,0.0,0.0,0.2,0.0,0.0,0.2
1785522209.2623334,0.8050068359375,0.2167572021484375,0.39414004516601564,2.4574885885136686,-2.289041689663152,nan,0.0,0.0,0.2,0.0,0.0,0.2
1785522209.3123124,0.8053538208007812,0.21772547912597656,0.394568603515625,2.46271297741736,-2.289041689663152,nan,0.0,0.0,0.2,0.0,0.0,0.2
1785522209.3627796,0.80611083984375,0.21921141052246093,0.3947770690917969,2.471735588484683,-2.289041689663152,nan,0.0,0.0,0.2,0.0,0.0,0.2
1785522209.41237,0.80664306640625,0.22093675231933593,0.39497549438476565,2.4803052422025864,-2.289041689663152,nan,0.0,0.0,0.2,0.0,0.0,0.2
1785522209.462626,0.8066663818359375,0.2223226318359375,0.3949156799316406,2.4876378328669717,-2.289041689663152,nan,0.0,0.0,0.2,0.0,0.0,0.2
1785522209.5123577,0.8071937866210938,0.2236800994873047,0.395249267578125,2.4913092450650427,-2.289041689663152,nan,0.0,0.0,0.2,0.0,0.0,0.2
1785522209.5624132,0.8083854370117187,0.2246105194091797,0.3972204284667969,2.5008679495449795,-2.289041689663152,nan,0.0,0.0,0.2,0.0,0.0,0.2
1785522209.6128392,0.8101741943359375,0.225347412109375,0.39573440551757816,2.5180982999189356,-2.289041689663152,nan,0.0,0.0,0.2,0.0,0.0,0.2
1785522209.6623268,0.8118682250976562,0.22504161071777345,0.3944521179199219,2.532474997805114,-2.289041689663152,nan,0.0,-0.1,0.0,0.0,-0.08,0.12000000000000001
1785522209.712354,0.8134766845703125,0.22492079162597656,0.39446234130859376,2.5420650421370166,-2.289041689663152,nan,0.0,-0.1,0.0,0.0,-0.1,0.04000000000000001
1785522209.7623086,0.8144456176757813,0.22414944458007813,0.39374542236328125,2.5472123272381837,-2.289041689663152,nan,0.0,-0.1,0.0,0.0,-0.1,0.0
1785522209.8123264,0.8149987182617188,0.222639404296875,0.39336181640625,2.549194561594417,-2.289041689663152,nan,0.0,-0.1,0.0,0.0,-0.1,0.0
1785522209.8628604,0.813984375,0.2212404327392578,0.3930401611328125,2.551947936597888,-2.289041689663152,nan,0.0,-0.1,0.0,0.0,-0.1,0.0
1785522209.912315,0.8111264648437501,0.22176084899902343,0.3944188842773438,2.5478570138200305,-2.289041689663152,nan,0.0,-0.1,0.0,0.0,-0.1,0.0
1785522209.9626975,0.8095994873046876,0.22239694213867187,0.3949554748535156,2.543921566211288,-2.289041689663152,nan,0.0,-0.1,0.0,0.0,-0.1,0.0
1785522210.0128279,0.80665576171875,0.22383389282226562,0.3937218627929688,2.541755122952686,-2.289041689663152,nan,0.0,-0.1,0.0,0.0,-0.1,0.0
1785522210.0623238,0.8008474731445313,0.22736009216308595,0.39234683227539063,2.53778198108591,-2.289041689663152,nan,0.0,-0.1,0.0,0.0,-0.1,0.0
1785522210.1137013,0.7985389404296875,0.22899078369140624,0.3919685974121094,2.538685009322496,-2.289041689663152,nan,0.0,-0.1,0.0,0.0,-0.1,0.0
1785522210.1659064,0.7983909301757812,0.22903732299804688,0.39193130493164063,2.5384718128153474,-2.289041689663152,nan,0.0,-0.1,0.0,0.0,-0.1,0.0
1785522210.2138665,0.7859028930664063,0.23580873107910158,0.3883667907714844,2.5412855957064435,-2.289041689663152,nan,0.0,-0.1,0.0,0.0,-0.1,0.0
1785522210.2628913,0.7844518432617188,0.23830398559570312,0.3903095397949219,2.5414753311129408,-2.289041689663152,nan,0.0,-0.1,0.0,0.0,-0.1,0.0
1785522210.3123555,0.7805433959960938,0.24265780639648438,0.39337628173828126,2.545656613603758,-2.289041689663152,nan,0.0,-0.1,0.0,0.0,-0.1,0.0
1785522210.3627677,0.7783245849609375,0.24503657531738282,0.3935765991210938,2.5459817814174053,-2.289041689663152,nan,0.0,-0.1,0.0,0.0,-0.1,0.0
1785522210.412903,0.7782169799804688,0.24523199462890624,0.3935391540527344,2.5459042868928297,-2.289041689663152,nan,0.0,-0.1,0.0,0.0,-0.1,0.0
1785522210.463384,0.7734544677734375,0.2513584747314453,0.39384829711914066,2.549758997935767,-2.289041689663152,nan,0.0,-0.1,0.0,0.0,-0.1,0.0
1785522210.5123239,0.7705018920898438,0.2549836883544922,0.39405169677734375,2.550957334687264,-2.289041689663152,nan,0.0,-0.1,0.0,0.0,-0.1,0.0
1785522210.5629287,0.7682666015625,0.25700146484375,0.3939379577636719,2.5541260138375668,-2.289041689663152,nan,0.0,-0.1,0.0,0.0,-0.1,0.0
1785522210.6128702,0.7653607177734375,0.2591606750488281,0.39594613647460936,2.5570717966407557,-2.289041689663152,nan,0.0,-0.1,0.0,0.0,-0.1,0.0
1785522210.662811,0.7612130737304688,0.26205517578125,0.397937255859375,2.5542211349834236,-2.289041689663152,nan,0.0,-0.1,0.0,0.0,-0.1,0.0
1785522210.7123053,0.7574786987304688,0.26369549560546873,0.39562060546875,2.5522838425960566,-2.289041689663152,nan,0.0,-0.1,0.0,0.0,-0.1,0.0
1785522210.7630255,0.753190673828125,0.26629922485351565,0.39555731201171873,2.550036576034698,-2.289041689663152,nan,0.0,-0.1,0.0,0.0,-0.1,0.0
1785522210.8131278,0.7492945556640626,0.2689322204589844,0.39480029296875,2.5506792391296216,-2.289041689663152,nan,0.0,-0.1,0.0,0.0,-0.1,0.0
1785522210.8623161,0.7452830810546875,0.2715918579101563,0.393972900390625,2.5510829619485262,-2.289041689663152,nan,0.0,-0.1,0.0,0.0,-0.1,0.0
1785522210.912803,0.7403003540039063,0.2737619018554688,0.39265194702148437,2.550189409051266,-2.289041689663152,nan,0.0,-0.1,0.0,0.0,-0.1,0.0
1785522210.9626446,0.7369311523437501,0.27659478759765627,0.39371212768554686,2.54851074393293,-2.289041689663152,nan,0.0,-0.1,0.0,0.0,-0.1,0.0
1785522211.0139997,0.7345834350585938,0.27901333618164065,0.3959031066894531,2.552613858603849,-2.289041689663152,nan,0.0,-0.1,0.0,0.0,-0.1,0.0
1785522211.0629652,0.7325524291992188,0.2814445495605469,0.39554193115234376,2.5544273916227276,-2.289041689663152,nan,0.0,-0.1,0.0,0.0,-0.1,0.0
1785522211.1139157,0.7303265380859375,0.2838328857421875,0.39501495361328126,2.5583974355132018,-2.289041689663152,nan,0.0,-0.1,0.0,0.0,-0.1,0.0
1785522211.1632578,0.728961669921875,0.28544284057617186,0.39526104736328127,2.5601742526695563,-2.289041689663152,nan,0.0,-0.1,0.0,0.0,-0.1,0.0
1785522211.2124658,0.7277171630859375,0.2870586853027344,0.3951890563964844,2.562394830555883,-2.289041689663152,nan,0.0,-0.1,0.0,0.0,-0.1,0.0
1785522211.2642055,0.7265297241210937,0.28761660766601566,0.3951600036621094,2.563847685642472,-2.289041689663152,nan,0.0,-0.1,0.0,0.0,-0.1,0.0
1785522211.312438,0.7255206909179688,0.2877438659667969,0.3942629089355469,2.5671806895283114,-2.289041689663152,nan,0.0,-0.1,0.0,0.0,-0.1,0.0
1785522211.36261,0.7208435058593751,0.29013897705078123,0.39718756103515623,2.5634634789572956,-2.289041689663152,nan,0.0,-0.1,0.0,0.0,-0.1,0.0
1785522211.4124482,0.7172097167968751,0.29182473754882815,0.395583740234375,2.560981591954945,-2.289041689663152,nan,0.0,-0.1,0.0,0.0,-0.1,0.0
1785522211.4623206,0.71337548828125,0.29353607177734375,0.3945582275390625,2.5586868218950163,-2.289041689663152,nan,0.0,-0.1,0.0,0.0,-0.1,0.0
1785522211.512464,0.7100779418945312,0.2956268005371094,0.3945476989746094,2.5591237148666552,-2.289041689663152,nan,0.0,-0.1,0.0,0.0,-0.1,0.0
1785522211.5630817,0.7086028442382812,0.29654434204101565,0.3941673278808594,2.5602727194257584,-2.289041689663152,nan,0.0,-0.1,0.0,0.0,-0.1,0.0
1785522211.6124039,0.701974853515625,0.3002269287109375,0.39285165405273437,2.561559883570525,-2.289041689663152,nan,0.0,-0.1,0.0,0.0,-0.1,0.0
1785522211.6623094,0.6973074340820312,0.30296777343750003,0.39128530883789064,2.560185340558151,-2.289041689663152,nan,0.0,-0.1,0.0,0.0,-0.1,0.0
1785522211.7123146,0.6946685180664063,0.306443603515625,0.3938278503417969,2.5632650470102254,-2.289041689663152,nan,0.0,-0.1,0.0,0.0,-0.1,0.0
1785522211.763108,0.6926336059570313,0.3088309020996094,0.3951148986816406,2.5653863934329846,-2.289041689663152,nan,0.0,-0.1,0.0,0.0,-0.1,0.0
1785522211.8128273,0.6873997802734375,0.3132958068847656,0.394822265625,2.5674481088670533,-2.289041689663152,nan,0.0,-0.1,0.0,0.0,-0.1,0.0
1785522211.8626626,0.6838169555664063,0.31706484985351563,0.3956244812011719,2.570136119359579,-2.289041689663152,nan,0.0,-0.1,0.0,0.0,-0.1,0.0
1785522211.9128253,0.681150146484375,0.31984426879882816,0.3954805603027344,2.5711326538885886,-2.289041689663152,nan,0.0,-0.1,0.0,0.0,-0.1,0.0
1785522211.963043,0.6784996337890625,0.32323260498046874,0.3959837646484375,2.5727798101201445,-2.289041689663152,nan,0.0,-0.1,0.0,0.0,-0.1,0.0
1785522212.012844,0.675173583984375,0.32688458251953123,0.39566729736328127,2.5766439705185,-2.289041689663152,nan,0.0,-0.1,0.0,0.0,-0.1,0.0
1785522212.0623524,0.6728138427734375,0.32867620849609375,0.3962640380859375,2.5774960602532917,-2.289041689663152,nan,0.0,-0.1,0.0,0.0,-0.1,0.0
1785522212.1123421,0.6687026977539062,0.3325612487792969,0.3985919189453125,2.575271597479674,-2.289041689663152,nan,0.0,-0.1,0.0,0.0,-0.1,0.0
1785522212.1623173,0.6656356811523437,0.3343359375,0.39617486572265626,2.574895617551024,-2.289041689663152,nan,0.0,-0.1,0.0,0.0,-0.1,0.0
1785522212.2123194,0.6625919189453126,0.3372973022460938,0.39651812744140624,2.573163901580679,-2.289041689663152,nan,0.0,-0.1,0.0,0.0,-0.1,0.0
1785522212.2623224,0.659891845703125,0.34017230224609374,0.3957523193359375,2.5746653389074434,-2.289041689663152,nan,0.0,-0.1,0.0,0.0,-0.1,0.0
1785522212.312826,0.6575291137695313,0.3429671630859375,0.3953130798339844,2.5736766736396905,-2.289041689663152,nan,0.0,-0.1,0.0,0.0,-0.1,0.0
1785522212.3627648,0.6543603515625,0.3456900634765625,0.3943285217285156,2.572031175222804,-2.289041689663152,nan,0.0,-0.1,0.0,0.0,-0.1,0.0
1785522212.4123166,0.6519589233398437,0.3488569641113281,0.39510977172851564,2.570911719805683,-2.289041689663152,nan,0.0,-0.1,0.0,0.0,-0.1,0.0
1785522212.4630978,0.6505014038085938,0.3517777099609375,0.3971033935546875,2.5758966844539946,-2.289041689663152,nan,0.0,-0.1,0.0,0.0,-0.1,0.0
1785522212.5123184,0.6472053833007813,0.35502862548828124,0.3964803161621094,2.5777430279449987,-2.289041689663152,nan,0.0,-0.1,0.0,0.0,-0.1,0.0
1785522212.5630367,0.6448851318359375,0.35703497314453125,0.3963374328613281,2.581526701121216,-2.289041689663152,nan,0.0,-0.1,0.0,0.0,-0.1,0.0
1785522212.6123157,0.6424806518554688,0.3598146667480469,0.3965834350585938,2.585065870127252,-2.289041689663152,nan,0.0,-0.1,0.0,0.0,-0.1,0.0
1785522212.6627572,0.6404435424804688,0.3618380126953125,0.3965389099121094,2.588171381161806,-2.289041689663152,nan,0.0,-0.1,0.0,0.0,-0.1,0.0
1785522212.7123764,0.6380894775390625,0.36335794067382815,0.3957420959472656,2.5909100472646656,-2.289041689663152,nan,0.0,-0.1,0.0,0.0,-0.1,0.0
1785522212.7636018,0.6351282348632813,0.3643420104980469,0.3945738220214844,2.5934305124605097,-2.289041689663152,nan,0.0,-0.1,0.0,0.0,-0.1,0.0
1785522212.8128996,0.630294677734375,0.3668366394042969,0.39749783325195315,2.5881956180586942,-2.289041689663152,nan,0.0,-0.1,0.0,0.0,-0.1,0.0
1785522212.862363,0.6254299926757813,0.36904550170898437,0.39549444580078125,2.5869102519412612,-2.289041689663152,nan,0.0,-0.1,0.0,0.0,-0.1,0.0
1785522212.9129274,0.6237677001953125,0.3696965942382813,0.39464874267578126,2.5868002045410066,-2.289041689663152,nan,0.0,-0.1,0.0,0.0,-0.1,0.0
1785522212.9623086,0.6177103271484375,0.37314419555664063,0.39472607421875,2.5854849113123244,-2.289041689663152,nan,0.0,-0.1,0.0,0.0,-0.1,0.0
1785522213.0123801,0.6136758422851563,0.37495764160156253,0.3939010925292969,2.586004081761032,-2.289041689663152,nan,0.0,-0.1,0.0,0.0,-0.1,0.0
1785522213.062389,0.6115045166015625,0.37582443237304686,0.3936459655761719,2.5865804613759065,-2.289041689663152,nan,0.0,-0.1,0.0,0.0,-0.1,0.0
1785522213.113135,0.6115045166015625,0.37582443237304686,0.3936459655761719,2.5865804613759065,-2.289041689663152,nan,0.0,-0.1,0.0,0.0,-0.1,0.0
1785522213.164027,0.6011339111328126,0.3809952697753906,0.3937624206542969,2.586598901548835,-2.289041689663152,nan,0.0,-0.1,0.0,0.0,-0.1,0.0
1785522213.2147906,0.5968656616210938,0.38506570434570314,0.3953378601074219,2.590350352039988,-2.289041689663152,nan,0.0,-0.1,0.0,0.0,-0.1,0.0
1785522213.26631,0.5944589233398437,0.3876991882324219,0.3949779968261719,2.5926521859339013,-2.289041689663152,nan,0.0,0.0,0.0,0.0,-0.020000000000000004,0.0
1785522213.3128521,0.59275341796875,0.39069082641601566,0.39531640625000003,2.5956935403317822,-2.289041689663152,nan,0.0,0.0,0.0,0.0,0.0,0.0
1785522213.3631501,0.59127587890625,0.39352978515625003,0.3952432861328125,2.597367109128568,-2.289041689663152,nan,0.0,0.0,0.0,0.0,0.0,0.0
1785522213.4123094,0.5901344604492188,0.39576144409179687,0.39551251220703126,2.5983478567904803,-2.289041689663152,nan,0.0,0.0,0.0,0.0,0.0,0.0
1785522213.4623635,0.5890986328125,0.3981234130859375,0.3953361511230469,2.602407415266645,-2.289041689663152,nan,0.0,0.0,0.0,0.0,0.0,0.0
1785522213.5123217,0.5885426635742188,0.400807861328125,0.39846426391601564,2.6009903526056886,-2.289041689663152,nan,0.0,0.0,0.0,0.0,0.0,0.0
1785522213.5624182,0.5881566772460938,0.40331982421875,0.3993466186523438,2.5991254529611094,-2.289041689663152,nan,0.0,0.0,0.0,0.0,0.0,0.0
1785522213.6128917,0.587955810546875,0.4062989807128906,0.39976321411132815,2.599740156996066,-2.289041689663152,nan,0.0,0.0,0.0,0.0,0.0,0.0
1785522213.6624222,0.5882128295898438,0.40918292236328124,0.4000252685546875,2.6019073099463546,-2.289041689663152,nan,0.0,0.0,0.0,0.0,0.0,0.0
1785522213.7128782,0.5883585815429687,0.41143130493164065,0.4001414489746094,2.6028143692294026,-2.289041689663152,nan,0.0,0.0,0.0,0.0,0.0,0.0
1785522213.7624938,0.5883478393554687,0.4124094848632813,0.40023672485351564,2.6024922709108127,-2.289041689663152,nan,0.0,0.0,0.0,0.0,0.0,0.0
1785522213.8128438,0.5882683715820313,0.413073486328125,0.400695068359375,2.602980830839361,-2.289041689663152,nan,0.0,0.0,0.0,0.0,0.0,0.0
1785522213.8623652,0.5883734741210938,0.41305645751953124,0.40097042846679687,2.6035368697687074,-2.289041689663152,nan,0.0,0.0,0.0,0.0,0.0,0.0
1785522213.9128196,0.5883204345703125,0.41288931274414065,0.40143637084960937,2.603354182485954,-2.289041689663152,nan,0.0,0.0,0.0,0.0,0.0,0.0
1785522213.96238,0.5882584838867188,0.41263867187500003,0.4015343627929688,2.6027706339899415,-2.289041689663152,nan,0.0,0.0,0.0,0.0,0.0,0.0
1785522214.0127442,0.5884501342773437,0.41264788818359377,0.40150222778320316,2.6026639096507447,-2.289041689663152,nan,0.0,0.0,0.0,0.0,0.0,0.0
1785522214.0623202,0.588576171875,0.41273394775390626,0.40155728149414066,2.602695805145908,-2.289041689663152,nan,0.0,0.0,0.0,0.0,0.0,0.0
1785522214.1123316,0.5885782470703125,0.41296710205078124,0.4016684265136719,2.6029535002656434,-2.289041689663152,nan,0.0,0.0,0.0,0.0,0.0,0.0
1785522214.1630187,0.5884404296875,0.4131280822753906,0.4016070251464844,2.6027035605701205,-2.289041689663152,nan,0.0,0.0,0.0,0.0,0.0,0.0
1785522214.2123282,0.5884072265625,0.4131839294433594,0.4015911865234375,2.60293310332297,-2.289041689663152,nan,0.0,0.0,-0.2,0.0,0.0,-0.08
1785522214.2623134,0.58854248046875,0.4133190307617188,0.40153863525390626,2.602769959130098,-2.289041689663152,nan,0.0,0.0,-0.2,0.0,0.0,-0.16
1785522214.3123064,0.5887091064453125,0.4134944763183594,0.4015992736816406,2.60310280492067,-2.289041689663152,nan,0.0,0.0,-0.2,0.0,0.0,-0.2
1785522214.362315,0.5884467773437501,0.4132375183105469,0.4015755920410156,2.6018732887748257,-2.289041689663152,nan,0.0,0.0,-0.2,0.0,0.0,-0.2
1785522214.4123316,0.588370361328125,0.41327261352539063,0.40158758544921874,2.6020204887167067,-2.289041689663152,nan,0.0,0.0,-0.2,0.0,0.0,-0.2
1785522214.4632835,0.5860446166992188,0.4120901489257813,0.3990617370605469,2.5908220351958913,-2.289041689663152,nan,0.0,0.0,-0.2,0.0,0.0,-0.2
1785522214.5128162,0.5834194946289063,0.41243609619140625,0.3990711975097656,2.5722363279502085,-2.289041689663152,nan,0.0,0.0,-0.2,0.0,0.0,-0.2
1785522214.5631444,0.5823456420898437,0.41283468627929687,0.3981974792480469,2.5642875786515615,-2.289041689663152,nan,0.0,0.0,-0.2,0.0,0.0,-0.2
1785522214.612337,0.58087744140625,0.41420989990234375,0.39775830078125,2.553582013078329,-2.289041689663152,nan,0.0,0.0,-0.2,0.0,0.0,-0.2
1785522214.6631036,0.5784954223632812,0.4161088562011719,0.39624493408203126,2.5409307658525297,-2.289041689663152,nan,0.0,0.0,-0.2,0.0,0.0,-0.2
1785522214.7128222,0.5791038208007813,0.4183277282714844,0.3976287841796875,2.531419373611053,-2.289041689663152,nan,0.0,0.0,-0.2,0.0,0.0,-0.2
1785522214.763282,0.5792842407226563,0.42037359619140624,0.39759939575195313,2.5252026018277816,-2.289041689663152,nan,0.0,0.0,-0.2,0.0,0.0,-0.2
1785522214.8123453,0.5790824584960937,0.42284231567382813,0.39621670532226566,2.5170740614493146,-2.289041689663152,nan,0.0,0.0,-0.2,0.0,0.0,-0.2
1785522214.8651345,0.5794972534179688,0.42367193603515624,0.39641561889648436,2.5141100842149484,-2.289041689663152,nan,0.0,0.0,-0.2,0.0,0.0,-0.2
1785522214.9128137,0.5803547973632812,0.4253473510742188,0.3963234558105469,2.5074932762035393,-2.289041689663152,nan,0.0,0.0,-0.2,0.0,0.0,-0.2
1785522214.962841,0.5811558227539063,0.42619235229492186,0.3961636657714844,2.5026375581679576,-2.289041689663152,nan,0.0,0.0,-0.2,0.0,0.0,-0.2
1785522215.0123174,0.58212646484375,0.4264994201660156,0.39553033447265623,2.5002779288279062,-2.289041689663152,nan,0.0,0.0,-0.2,0.0,0.0,-0.2
1785522215.0631034,0.5821054077148438,0.42694805908203126,0.3966911926269531,2.496766360727881,-2.289041689663152,nan,0.0,0.0,-0.2,0.0,0.0,-0.2
1785522215.1135063,0.5810958862304688,0.4294848327636719,0.398192626953125,2.478745725511617,-2.289041689663152,nan,0.0,0.0,-0.2,0.0,0.0,-0.2
1785522215.1632762,0.5801043090820313,0.4315930786132813,0.39570968627929687,2.4669461053415205,-2.289041689663152,nan,0.0,0.0,-0.2,0.0,0.0,-0.2
1785522215.2149177,0.5788179931640625,0.43404550170898437,0.3960111083984375,2.457074121029586,-2.289041689663152,nan,0.0,0.0,-0.2,0.0,0.0,-0.2
1785522215.265051,0.5779479370117188,0.4357042236328125,0.39525054931640624,2.4511998726808266,-2.289041689663152,nan,0.0,0.0,-0.2,0.0,0.0,-0.2
1785522215.316062,0.5759540405273438,0.4384620666503906,0.3944886169433594,2.440208708371318,-2.289041689663152,nan,0.0,0.0,-0.2,0.0,0.0,-0.2
1785522215.3628228,0.5738699951171875,0.440196533203125,0.3936000671386719,2.431425512232472,-2.289041689663152,nan,0.0,0.0,-0.2,0.0,0.0,-0.2
1785522215.412368,0.5732385864257813,0.44249404907226564,0.39492239379882815,2.418137058853334,-2.289041689663152,nan,0.0,0.0,-0.2,0.0,0.0,-0.2
1785522215.4628043,0.5734342651367188,0.4437444763183594,0.39602682495117186,2.415085973348848,-2.289041689663152,nan,0.0,0.0,-0.2,0.0,0.0,-0.2
1785522215.5164232,0.5736058959960938,0.4463477783203125,0.39513742065429686,2.4069278403215577,-2.289041689663152,nan,0.0,0.0,-0.2,0.0,0.0,-0.2
1785522215.5623262,0.5742913818359375,0.4480388488769531,0.3951482849121094,2.401989662935777,-2.289041689663152,nan,0.0,0.0,-0.2,0.0,0.0,-0.2
1785522215.612509,0.5746533203125,0.44923751831054687,0.39517105102539063,2.396438768051425,-2.289041689663152,nan,0.0,0.0,-0.2,0.0,0.0,-0.2
1785522215.6623552,0.5750445556640625,0.44998037719726564,0.39512344360351564,2.392297957582093,-2.289041689663152,nan,0.0,0.0,-0.2,0.0,0.0,-0.2
1785522215.7124302,0.5752647705078126,0.4504728393554688,0.3953090515136719,2.3888167425191353,-2.289041689663152,nan,0.0,0.0,-0.2,0.0,0.0,-0.2
1785522215.762337,0.5757119140625,0.4506992797851563,0.3948277587890625,2.385886138748278,-2.289041689663152,nan,0.0,0.0,-0.2,0.0,0.0,-0.2
1785522215.8123157,0.5757833862304688,0.4528603820800781,0.39923672485351563,2.372910843955427,-2.289041689663152,nan,0.0,0.0,-0.2,0.0,0.0,-0.2
1785522215.8630178,0.5753963623046875,0.4540036926269531,0.3989805603027344,2.3640858502873225,-2.289041689663152,nan,0.0,0.0,-0.2,0.0,0.0,-0.2
1785522215.9123914,0.5753417358398437,0.45425418090820313,0.3985864562988281,2.3621688145329403,-2.289041689663152,nan,0.0,0.0,-0.2,0.0,0.0,-0.2
1785522215.9627073,0.5741237182617187,0.45857916259765624,0.39693545532226565,2.3413119443598585,-2.289041689663152,nan,0.0,0.0,-0.2,0.0,0.0,-0.2
1785522216.0124729,0.5734446411132813,0.46113397216796875,0.3959194030761719,2.3324283318192243,-2.289041689663152,nan,0.0,0.0,-0.2,0.0,0.0,-0.2
1785522216.0630758,0.5727063598632812,0.46274087524414065,0.39564358520507814,2.326291820525055,-2.289041689663152,nan,0.0,0.0,-0.2,0.0,0.0,-0.2
1785522216.11236,0.5705862426757813,0.4663575744628906,0.3943210144042969,2.3095685826183443,-2.289041689663152,nan,0.0,0.0,-0.2,0.0,0.0,-0.2
1785522216.1623816,0.5711279296875,0.4676777038574219,0.3961249694824219,2.3040926865680262,-2.289041689663152,nan,0.0,0.0,0.0,0.0,0.0,-0.12000000000000001
1785522216.2123227,0.5717922973632813,0.4706544189453125,0.3963792419433594,2.297709383699861,-2.289041689663152,nan,0.0,0.0,0.0,0.0,0.0,-0.04000000000000001
1785522216.2630026,0.5721548461914062,0.47224993896484374,0.395661865234375,2.2974475467927498,-2.289041689663152,nan,0.0,0.0,0.0,0.0,0.0,0.0
1785522216.312365,0.573014892578125,0.47330914306640626,0.3960115966796875,2.2986622708144,-2.289041689663152,nan,0.0,0.0,0.0,0.0,0.0,0.0
1785522216.362939,0.574109375,0.47465469360351564,0.3954620361328125,2.299301212423426,-2.289041689663152,nan,0.0,0.0,0.0,0.0,0.0,0.0
1785522216.4123633,0.5747605590820313,0.4751835632324219,0.3955063171386719,2.3005803964609304,-2.289041689663152,nan,0.0,0.0,0.0,0.0,0.0,0.0
1785522216.4628863,0.57556982421875,0.47545440673828127,0.3948044128417969,2.30347251286369,-2.289041689663152,nan,0.0,0.0,0.0,0.0,0.0,0.0
1785522216.5123072,0.5758517456054688,0.4765713806152344,0.39776852416992187,2.3015854794873682,-2.289041689663152,nan,0.0,0.0,0.0,0.0,0.0,0.0
1785522216.5626938,0.57628271484375,0.47902005004882814,0.398815185546875,2.296079341755822,-2.289041689663152,nan,0.0,0.0,0.0,0.0,0.0,0.0
1785522216.6123183,0.5776887817382813,0.48146490478515624,0.39866485595703127,2.2962940654749464,-2.289041689663152,nan,0.0,0.0,0.0,0.0,0.0,0.0
1785522216.6624353,0.5788201904296875,0.48310488891601566,0.3988246154785156,2.298161149906546,-2.289041689663152,nan,0.0,0.0,0.0,0.0,0.0,0.0
1785522216.7128513,0.579933837890625,0.48561782836914064,0.399059326171875,2.299279990245877,-2.289041689663152,nan,0.0,0.0,0.0,0.0,0.0,0.0
1785522216.7623653,0.5801730346679688,0.48729934692382815,0.3994427185058594,2.299797840297515,-2.289041689663152,nan,0.0,0.0,0.0,0.0,0.0,0.0
1785522216.8123894,0.580051513671875,0.48831848144531254,0.3998494873046875,2.30102747441479,-2.289041689663152,nan,0.0,0.0,0.0,0.0,0.0,0.0
1785522216.8628626,0.58004931640625,0.48888601684570315,0.40027450561523437,2.301418861528026,-2.289041689663152,nan,0.0,0.0,0.0,0.0,0.0,0.0
1785522216.9128563,0.5796237182617188,0.4898202819824219,0.401041259765625,2.301827220064506,-2.289041689663152,nan,0.0,0.0,0.0,0.0,0.0,0.0
1785522216.9624445,0.5793067626953126,0.49020465087890625,0.40143115234375,2.301732216659058,-2.289041689663152,nan,0.0,0.0,0.0,0.0,0.0,0.0
1785522217.0128794,0.5790459594726562,0.4902432861328125,0.4017994995117188,2.3009762534060485,-2.289041689663152,nan,0.0,0.0,0.0,0.0,0.0,0.0
1785522217.0631368,0.579070556640625,0.4903464965820313,0.4018666076660156,2.3011577130719365,-2.289041689663152,nan,0.0,0.0,0.0,0.0,0.0,0.0
1785522217.1123133,0.5790270385742188,0.4902333984375,0.4018426513671875,2.300521649119135,-2.289041689663152,nan,0.0,0.0,0.0,0.0,0.0,0.0
1785522217.1623068,0.5790956420898438,0.4902578125,0.40188830566406253,2.3007754375608394,-2.289041689663152,nan,0.0,0.0,0.0,0.0,0.0,0.0
1785522217.2129009,0.5792642211914063,0.4903125915527344,0.4018182373046875,2.301539693375262,-2.289041689663152,nan,0.0,0.0,0.0,0.0,0.0,0.0
1785522217.2623146,0.5792919311523438,0.4903041076660156,0.4018142395019531,2.301366987613651,-2.289041689663152,nan,0.0,0.0,0.0,0.0,0.0,0.0
1785522217.3123555,0.5792555541992188,0.4904389038085938,0.40180899047851565,2.3013714704714197,-2.289041689663152,nan,0.0,0.0,0.0,0.0,0.0,0.0
1785522217.364123,0.5792023315429687,0.49051885986328125,0.4018631286621094,2.3010262377318496,-2.289041689663152,nan,0.0,0.0,0.0,0.0,0.0,0.0
1785522217.4123926,0.5793162841796875,0.4904851684570313,0.4018323669433594,2.3013090000280103,-2.289041689663152,nan,0.0,0.0,0.0,0.0,0.0,0.0
1785522217.462411,0.5792819213867187,0.490482421875,0.4018118896484375,2.3017558499383792,-2.289041689663152,nan,0.0,0.0,0.0,0.0,0.0,0.0
1785522217.512834,0.5793800659179688,0.4905088806152344,0.40186520385742186,2.301604229580186,-2.289041689663152,nan,0.0,0.0,0.0,0.0,0.0,0.0
1785522217.5639772,0.5794598388671875,0.4906332702636719,0.4017949523925781,2.301546420820238,-2.289041689663152,nan,0.0,0.0,0.0,0.0,0.0,0.0
1785522217.6123822,0.5794497680664062,0.49083489990234375,0.4017978210449219,2.3010207523558486,-2.289041689663152,nan,0.0,0.0,0.0,0.0,0.0,0.0
1785522217.662394,0.5794906005859375,0.4908923034667969,0.40180258178710937,2.3016485776355657,-2.289041689663152,nan,0.0,0.0,0.0,0.0,0.0,0.0
1785522217.7123115,0.5797141723632813,0.4909962158203125,0.4017306213378906,2.301736909120866,-2.289041689663152,nan,0.0,0.0,0.0,0.0,0.0,0.0
1785522217.7624164,0.5798292236328125,0.49103948974609374,0.4017901611328125,2.301525548970902,-2.289041689663152,nan,0.0,0.0,0.0,0.0,0.0,0.0
1785522217.8128614,0.57977783203125,0.491192138671875,0.40180804443359375,2.3007555520284555,-2.289041689663152,nan,0.0,0.0,0.0,0.0,0.0,0.0
1785522217.862421,0.5796740112304688,0.4912486572265625,0.40174713134765627,2.3010526560363167,-2.289041689663152,nan,0.0,0.0,0.0,0.0,0.0,0.0
1785522217.9128973,0.5797420043945313,0.491297607421875,0.4018229370117188,2.3014587214592566,-2.289041689663152,nan,0.0,0.0,0.0,0.0,0.0,0.0
1785522217.9623828,0.579889404296875,0.49113284301757815,0.40173269653320315,2.301647114618178,-2.289041689663152,nan,0.0,0.0,0.0,0.0,0.0,0.0
1785522218.0127933,0.5798941650390625,0.4911730041503906,0.4018113708496094,2.3014220460934447,-2.289041689663152,nan,0.0,0.0,0.0,0.0,0.0,0.0
1785522218.0624375,0.5798411254882813,0.4912257690429688,0.40173876953125,2.3009995817069493,-2.289041689663152,nan,0.0,0.0,0.0,0.0,0.0,0.0
1785522218.112817,0.5798387451171875,0.49124124145507814,0.40179095458984376,2.3013534194818486,-2.289041689663152,nan,0.0,0.0,0.0,0.0,0.0,0.0
1785522218.1623824,0.579908203125,0.49132116699218753,0.401858154296875,2.3013968742464472,-2.289041689663152,nan,0.0,0.0,0.0,0.0,0.0,0.0
1785522218.212824,0.579954345703125,0.4912138977050781,0.40174642944335937,2.3016743175955714,-2.289041689663152,nan,0.0,0.0,0.0,0.0,0.0,0.0
1785522218.2623158,0.5799296264648438,0.49117819213867187,0.40173284912109375,2.302023315811737,-2.289041689663152,nan,0.0,0.0,0.0,0.0,0.0,0.0
1785522218.3123138,0.5798016967773437,0.49128701782226564,0.4017543029785156,2.301589041357975,-2.289041689663152,nan,0.0,0.0,0.0,0.0,0.0,0.0
1785522218.3627803,0.5798479614257812,0.49135659790039066,0.40181298828125,2.301557475079207,-2.289041689663152,nan,0.0,0.0,0.0,0.0,0.0,0.0
1785522218.4123118,0.5799749145507813,0.49130850219726563,0.40178030395507813,2.3024670647825163,-2.289041689663152,nan,0.0,0.0,0.0,0.0,0.0,0.0
1785522218.4633934,0.5800382080078125,0.49120974731445316,0.4017801208496094,2.3018946423025684,-2.289041689663152,nan,0.0,0.0,0.0,0.0,0.0,0.0
1785522218.5123203,0.5799630126953125,0.4912733459472656,0.40180419921875,2.301565329162721,-2.289041689663152,nan,0.0,0.0,0.0,0.0,0.0,0.0
1785522218.562949,0.57994921875,0.4915470581054688,0.40166900634765623,2.3012965357265625,-2.289041689663152,nan,0.0,0.0,0.0,0.0,0.0,0.0
1785522218.6128883,0.5800354614257812,0.49143115234375,0.4016921081542969,2.301719502498072,-2.289041689663152,nan,0.0,0.0,0.0,0.0,0.0,0.0
1785522218.662338,0.58009375,0.491365234375,0.40166357421875,2.302161314538081,-2.289041689663152,nan,0.0,0.0,0.0,0.0,0.0,0.0
1785522218.7123225,0.580052490234375,0.49141998291015626,0.4017741394042969,2.3013304671883117,-2.289041689663152,nan,0.0,0.0,0.0,0.0,0.0,0.0
1785522218.762969,0.5800016479492187,0.4915167846679688,0.40170169067382816,2.300896963562985,-2.289041689663152,nan,0.0,0.0,0.0,0.0,0.0,0.0
1785522218.8123262,0.5799923095703126,0.49152627563476564,0.40175930786132813,2.3020670209700445,-2.289041689663152,nan,0.0,0.0,0.0,0.0,0.0,0.0
1785522218.8630188,0.5801503906250001,0.4915459594726563,0.4016831665039063,2.301985560979037,-2.289041689663152,nan,0.0,0.0,0.0,0.0,0.0,0.0
1785522218.9123235,0.5801798095703126,0.49144888305664064,0.4016990051269531,2.301718822139525,-2.289041689663152,nan,0.0,0.0,0.0,0.0,0.0,0.0
1785522218.96312,0.5801505737304687,0.4914301452636719,0.4017660217285156,2.3016993035812696,-2.289041689663152,nan,0.0,0.0,0.0,0.0,0.0,0.0
1785522219.0123982,0.5801505737304687,0.4914301452636719,0.4017660217285156,2.3016993035812696,-2.289041689663152,nan,0.0,0.0,0.0,0.0,0.0,0.0
1785522219.065115,0.5801002197265626,0.4915942077636719,0.4016403503417969,2.301913239928221,-2.289041689663152,nan,0.0,0.0,0.0,0.0,0.0,0.0
1785522219.1139061,0.5801890869140625,0.4915728454589844,0.4017265930175781,2.301778293619749,-2.289041689663152,nan,0.0,0.0,0.0,0.0,0.0,0.0
1785522219.1628652,0.5801651611328125,0.4913222961425781,0.40178839111328124,2.301752572015759,-2.289041689663152,nan,0.0,0.0,0.0,0.0,0.0,0.0
1785522219.2124217,0.5800302124023438,0.49140673828125003,0.40165185546875,2.3020118674212897,-2.289041689663152,nan,0.0,0.0,0.0,0.0,0.0,0.0
1785522219.26316,0.5799291381835938,0.4915757141113281,0.4017189636230469,2.3015603083722542,-2.289041689663152,nan,0.0,0.0,0.0,0.0,0.0,0.0
1785522219.3124313,0.5799291381835938,0.4915757141113281,0.4017189636230469,2.3015603083722542,-2.289041689663152,nan,0.0,0.0,0.0,0.0,0.0,0.0
1785522219.3626034,0.5801957397460937,0.4914836730957031,0.40185528564453127,2.3021813801791646,-2.289041689663152,nan,0.0,0.0,0.0,0.0,0.0,0.0
1785522219.4150293,0.5801405639648438,0.49152081298828126,0.40169601440429686,2.3020005750737025,-2.289041689663152,nan,0.0,0.0,0.0,0.0,0.0,0.0
1785522219.4632897,0.5800814208984375,0.4916038513183594,0.4017363586425781,2.3012848828571477,-2.289041689663152,nan,0.0,0.0,0.0,0.0,0.0,0.0
1785522219.5125182,0.5800756835937501,0.49153823852539064,0.40164202880859373,2.301778606659703,-2.289041689663152,nan,0.0,0.0,0.0,0.0,0.0,0.0
1785522219.5629213,0.5802339477539062,0.4915828857421875,0.4017242431640625,2.3017955828973014,-2.289041689663152,nan,0.0,0.0,0.0,0.0,0.0,0.0
1785522219.6123297,0.5802069702148438,0.4915615539550781,0.4017508544921875,2.301956515885431,-2.289041689663152,nan,0.0,0.0,0.0,0.0,0.0,0.0
1785522219.662328,0.5801541137695313,0.49155007934570316,0.40179571533203123,2.301979882972226,-2.289041689663152,nan,0.0,0.0,0.0,0.0,0.0,0.0
1785522219.7124856,0.5801480102539063,0.49154550170898437,0.40177981567382814,2.3020091783357803,-2.289041689663152,nan,0.0,0.0,0.0,0.0,0.0,0.0
1785522219.7668383,0.5801480102539063,0.49154550170898437,0.40177981567382814,2.3020091783357803,-2.289041689663152,nan,0.0,0.0,0.0,0.0,0.0,0.0
1785522219.8140407,0.5802481079101562,0.4915906372070313,0.4016448669433594,2.302113981883432,-2.289041689663152,nan,0.0,0.0,0.0,0.0,0.0,0.0
1785522219.862341,0.5802101440429688,0.49150189208984374,0.4017186584472656,2.302136923988891,-2.289041689663152,nan,0.0,0.0,0.0,0.0,0.0,0.0
1785522219.915331,0.5801275024414063,0.49161566162109377,0.4018204956054688,2.301340321217948,-2.289041689663152,nan,0.0,0.0,0.0,0.0,0.0,0.0
1785522219.9628103,0.5799923706054687,0.4916069946289063,0.401787109375,2.3015126765580987,-2.289041689663152,nan,0.0,0.0,0.0,0.0,0.0,0.0
1785522220.012887,0.580201416015625,0.49151968383789063,0.40169583129882813,2.3020963317974554,-2.289041689663152,nan,0.0,0.0,0.0,0.0,0.0,0.0
1785522220.0627513,0.5802249755859376,0.49155813598632814,0.40173748779296875,2.302066176970728,-2.289041689663152,nan,0.0,0.0,0.0,0.0,0.0,0.0
1785522220.1123583,0.5801227416992187,0.4915865478515625,0.40169204711914064,2.301111670702191,-2.289041689663152,nan,0.0,0.0,0.0,0.0,0.0,0.0
1785522220.1630445,0.5800401000976563,0.4916556396484375,0.401751953125,2.301233282574873,-2.289041689663152,nan,0.0,0.0,0.0,0.0,0.0,0.0
1785522220.2123444,0.5801527099609375,0.4916558837890625,0.40173486328125,2.301915378375019,-2.289041689663152,nan,0.0,0.0,0.0,0.0,0.0,0.0
1785522220.262314,0.580237060546875,0.4916377563476563,0.4016541748046875,2.301752869756167,-2.289041689663152,nan,0.0,0.0,0.0,0.0,0.0,0.0
1785522220.312885,0.5801880493164062,0.4916192321777344,0.40171041870117186,2.301459827421228,-2.289041689663152,nan,0.0,0.0,0.0,0.0,0.0,0.0
1785522220.3631306,0.5801880493164062,0.4916192321777344,0.40171041870117186,2.301459827421228,-2.289041689663152,nan,0.0,0.0,0.0,0.0,0.0,0.0
1785522220.4123278,0.5801302490234375,0.49169311523437503,0.40176446533203125,2.3015019021284173,-2.289041689663152,nan,0.0,0.0,0.0,0.0,0.0,0.0
1785522220.4630322,0.5802419433593751,0.49156655883789063,0.4016049194335938,2.3024142152810017,-2.289041689663152,nan,0.0,0.0,0.0,0.0,0.0,0.0
1785522220.5128903,0.58024169921875,0.4916085205078125,0.40163702392578127,2.3018577796296293,-2.289041689663152,nan,0.0,0.0,0.0,0.0,0.0,0.0
1785522220.5629547,0.5802283935546875,0.4915377197265625,0.4017011108398438,2.30136301134439,-2.289041689663152,nan,0.0,0.0,0.0,0.0,0.0,0.0
1785522220.6128798,0.580134521484375,0.49157586669921877,0.401740478515625,2.3017287592532942,-2.289041689663152,nan,0.0,0.0,0.0,0.0,0.0,0.0
1785522220.66515,0.5801664428710938,0.4916941528320313,0.401718505859375,2.3015821929508355,-2.289041689663152,nan,0.0,0.0,0.0,0.0,0.0,0.0
1785522220.7128904,0.580321044921875,0.4916893310546875,0.40168423461914066,2.3022429085809533,-2.289041689663152,nan,0.0,0.0,0.0,0.0,0.0,0.0
1785522220.7623036,0.5802408447265626,0.4916829528808594,0.40171792602539064,2.3014526132511577,-2.289041689663152,nan,0.0,0.0,0.0,0.0,0.0,0.0
1785522220.8123512,0.5800704345703125,0.4916766052246094,0.40176495361328124,2.301447467112606,-2.289041689663152,nan,0.0,0.0,0.0,0.0,0.0,0.0
1785522220.8626974,0.5801016235351563,0.4917178649902344,0.4017525634765625,2.301142223909865,-2.289041689663152,nan,0.0,0.0,0.0,0.0,0.0,0.0
1785522220.9128218,0.5802769165039062,0.49179470825195315,0.4016395263671875,2.3019430378362378,-2.289041689663152,nan,0.0,0.0,0.0,0.0,0.0,0.0
1785522220.96232,0.5803204956054687,0.491633056640625,0.4018006591796875,2.301506291647021,-2.289041689663152,nan,0.0,0.0,0.0,0.0,0.0,0.0
1785522221.015096,0.580296875,0.49161212158203127,0.4017387390136719,2.301759065007192,-2.289041689663152,nan,0.0,0.0,0.0,0.0,0.0,0.0
1785522221.062377,0.5801690063476562,0.4916338195800781,0.40166195678710936,2.301510176974591,-2.289041689663152,nan,0.0,0.0,0.0,0.0,0.0,0.0
1785522221.1123946,0.5802137451171875,0.4917535095214844,0.4016824645996094,2.301374742645042,-2.289041689663152,nan,0.0,0.0,0.0,0.0,0.0,0.0
1785522221.1630595,0.5802562255859375,0.49172943115234374,0.40176977539062503,2.3022936150240634,-2.289041689663152,nan,0.0,0.0,0.0,0.0,0.0,0.0
1785522221.2129192,0.5803067016601563,0.49167425537109377,0.4017038879394531,2.3019369303883743,-2.289041689663152,nan,0.0,0.0,0.0,0.0,0.0,0.0
1785522221.2629979,0.5802438354492188,0.49160980224609374,0.40169003295898437,2.301509429086072,-2.289041689663152,nan,0.0,0.0,0.0,0.0,0.0,0.0
1785522221.3123136,0.5801531982421875,0.4917796325683594,0.4017713317871094,2.3015599045906563,-2.289041689663152,nan,0.0,0.0,0.0,0.0,0.0,0.0
1785522221.362416,0.5802455444335938,0.4917370910644531,0.40172137451171874,2.3016099139229875,-2.289041689663152,nan,0.0,0.0,0.0,0.0,0.0,0.0
1785522221.4128604,0.5802681884765625,0.49171929931640623,0.4017433471679688,2.301894715794919,-2.289041689663152,nan,0.0,0.0,0.0,0.0,0.0,0.0
1785522221.4623334,0.5802943725585937,0.4916665954589844,0.40169888305664064,2.3013243183892826,-2.289041689663152,nan,0.0,0.0,0.0,0.0,0.0,0.0
1785522221.5128527,0.5801595458984375,0.49169378662109375,0.4016998291015625,2.301604508982771,-2.289041689663152,nan,0.0,0.0,0.0,0.0,0.0,0.0
1785522221.5624437,0.5801469116210938,0.49180084228515625,0.4017019653320313,2.301096689189273,-2.289041689663152,nan,0.0,0.0,0.0,0.0,0.0,0.0
1785522221.6128254,0.5802196044921875,0.4917287292480469,0.4017091979980469,2.3019369088143513,-2.289041689663152,nan,0.0,0.0,0.0,0.0,0.0,0.0
1785522221.6649163,0.5803259887695312,0.4916934814453125,0.4016470642089844,2.3019366238813697,-2.289041689663152,nan,0.0,0.0,0.0,0.0,0.0,0.0
1785522221.712891,0.580174560546875,0.49163113403320313,0.4017963562011719,2.301186121969838,-2.289041689663152,nan,0.0,0.0,0.0,0.0,0.0,0.0
1785522221.7623513,0.5802012329101562,0.4917503967285156,0.401735107421875,2.301379845843679,-2.289041689663152,nan,0.0,0.0,0.0,0.0,0.0,0.0
1785522221.812333,0.5802380981445313,0.4918097534179688,0.4016565856933594,2.301571972628456,-2.289041689663152,nan,0.0,0.0,0.0,0.0,0.0,0.0
1785522221.8623946,0.5803275756835937,0.49178692626953124,0.4016219482421875,2.301851116654861,-2.289041689663152,nan,0.0,0.0,0.0,0.0,0.0,0.0
1785522221.9123735,0.5804100952148438,0.4917654724121094,0.4017584533691406,2.301652260397731,-2.289041689663152,nan,0.0,0.0,0.0,0.0,0.0,0.0
1785522221.9629574,0.5804100952148438,0.4917654724121094,0.4017584533691406,2.301652260397731,-2.289041689663152,nan,0.0,0.0,0.0,0.0,0.0,0.0
1785522222.0122972,0.5802100219726563,0.4917569885253906,0.401673828125,2.3013329771678013,-2.289041689663152,nan,0.0,0.0,0.0,0.0,0.0,0.0
1785522222.0623376,0.5802681274414062,0.49181686401367186,0.4016103515625,2.3012392981695537,-2.289041689663152,nan,0.0,0.0,0.0,0.0,0.0,0.0
1785522222.113248,0.5803585205078126,0.4917906188964844,0.4016595458984375,2.301510653026179,-2.289041689663152,nan,0.0,0.0,0.0,0.0,0.0,0.0
1785522222.1629143,0.5803267211914063,0.49159365844726566,0.40163601684570316,2.3013389258863644,-2.289041689663152,nan,0.0,0.0,0.0,0.0,0.0,0.0
1785522222.2123985,0.5803267211914063,0.49159365844726566,0.40163601684570316,2.3013389258863644,-2.289041689663152,nan,0.0,0.0,0.0,0.0,0.0,0.0
1785522222.2631161,0.5802349853515625,0.491785888671875,0.40171566772460937,2.301344791543758,-2.289041689663152,nan,0.0,0.0,0.0,0.0,0.0,0.0
1785522222.3124025,0.5802349853515625,0.491785888671875,0.40171566772460937,2.301344791543758,-2.289041689663152,nan,0.0,0.0,0.0,0.0,0.0,0.0
1785522222.3631015,0.5802349853515625,0.491785888671875,0.40171566772460937,2.301344791543758,-2.289041689663152,nan,0.0,0.0,0.0,0.0,0.0,0.0
1785522222.412384,0.5803658447265625,0.49176046752929686,0.40175466918945313,2.3016399819886773,-2.289041689663152,nan,0.0,0.0,0.0,0.0,0.0,0.0
1785522222.4633472,0.5802137451171875,0.49182672119140625,0.4017739562988281,2.3008938000900043,-2.289041689663152,nan,0.0,0.0,0.0,0.0,0.0,0.0
1785522222.5128784,0.5803006591796875,0.49175775146484374,0.40170046997070313,2.301622059769036,-2.289041689663152,nan,0.0,0.0,0.0,0.0,0.0,0.0
1785522222.5629263,0.5803136596679688,0.4917083435058594,0.40171658325195314,2.301860674956582,-2.289041689663152,nan,0.0,0.0,0.0,0.0,0.0,0.0
1785522222.6123755,0.5802544555664063,0.49169378662109375,0.4016983642578125,2.3015325654148073,-2.289041689663152,nan,0.0,0.0,0.0,0.0,0.0,0.0
1785522222.6623561,0.5802767944335938,0.4917886962890625,0.4016253356933594,2.3014928955674914,-2.289041689663152,nan,0.0,0.0,0.0,0.0,0.0,0.0
1785522222.712635,0.5801934814453125,0.4919036865234375,0.40166876220703124,2.3013646379495714,-2.289041689663152,nan,0.0,0.0,0.0,0.0,0.0,0.0
1785522222.7623594,0.5803201293945313,0.49186077880859375,0.40171524047851564,2.3015280760528323,-2.289041689663152,nan,0.0,0.0,0.0,0.0,0.0,0.0
1785522222.8123314,0.58043310546875,0.4917982177734375,0.4017609558105469,2.301658152226801,-2.289041689663152,nan,0.0,0.0,0.0,0.0,0.0,0.0
1785522222.8628945,0.5803480224609375,0.4916907043457031,0.4017288513183594,2.3013519270946534,-2.289041689663152,nan,0.0,0.0,0.0,0.0,0.0,0.0
1785522222.9123158,0.5802521362304688,0.4918087463378906,0.4017431945800781,2.301250898613429,-2.289041689663152,nan,0.0,0.0,0.0,0.0,0.0,0.0
1785522222.9627888,0.5802185058593751,0.491815673828125,0.40174331665039065,2.301790118087973,-2.289041689663152,nan,0.0,0.0,0.0,0.0,0.0,0.0
1785522223.01237,0.5802185058593751,0.491815673828125,0.40174331665039065,2.301790118087973,-2.289041689663152,nan,0.0,0.0,0.0,0.0,0.0,0.0
1785522223.0629754,0.5803317260742188,0.49181265258789064,0.4017226867675781,2.301602959115273,-2.289041689663152,nan,0.0,0.0,0.0,0.0,0.0,0.0
1785522223.1123414,0.5803773803710938,0.4918038330078125,0.4016759948730469,2.301370312069509,-2.289041689663152,nan,0.0,0.0,0.0,0.0,0.0,0.0
1785522223.162315,0.58023779296875,0.4919372863769531,0.40162722778320314,2.301738293012064,-2.289041689663152,nan,0.0,0.0,0.0,0.0,0.0,0.0
1785522223.214185,0.5803527221679687,0.49200079345703124,0.40170529174804687,2.301425647171689,-2.289041689663152,nan,0.0,0.0,0.0,0.0,0.0,0.0
1785522223.2627993,0.5803784790039063,0.4919253845214844,0.4016561279296875,2.3014524163062178,-2.289041689663152,nan,0.0,0.0,0.0,0.0,0.0,0.0
1785522223.3128753,0.58034912109375,0.491876708984375,0.40168743896484377,2.3013009719552016,-2.289041689663152,nan,0.0,0.0,0.0,0.0,0.0,0.0
1785522223.362324,0.5802565307617188,0.49189492797851564,0.4017032470703125,2.30136774072722,-2.289041689663152,nan,0.0,0.0,0.0,0.0,0.0,0.0
1785522223.412386,0.5801638793945313,0.49197222900390625,0.40165402221679686,2.301176977642455,-2.289041689663152,nan,0.0,0.0,0.0,0.0,0.0,0.0
1785522223.4632764,0.5803197021484375,0.49193862915039066,0.4016226501464844,2.301306132412659,-2.289041689663152,nan,0.0,0.0,0.0,0.0,0.0,0.0
1785522223.5123181,0.5804091186523438,0.491937744140625,0.4016330261230469,2.30144163491553,-2.289041689663152,nan,0.0,0.0,0.0,0.0,0.0,0.0
1785522223.5623312,0.5802893066406251,0.4918265991210938,0.40168145751953127,2.3012068103408616,-2.289041689663152,nan,0.0,0.0,0.0,0.0,0.0,0.0
1785522223.612327,0.580255859375,0.49185870361328127,0.40176480102539064,2.301384477205975,-2.289041689663152,nan,0.0,0.0,0.0,0.0,0.0,0.0
1785522223.66327,0.5803284912109375,0.49195159912109376,0.40160528564453124,2.3019662414444704,-2.289041689663152,nan,0.0,0.0,0.0,0.0,0.0,0.0
1785522223.7123377,0.5804444580078125,0.4917359924316406,0.4016604919433594,2.301823583738562,-2.289041689663152,nan,0.0,0.0,0.0,0.0,0.0,0.0
1785522223.7626796,0.5804761352539063,0.49182034301757815,0.4015806579589844,2.3011849816564838,-2.289041689663152,nan,0.0,0.0,0.0,0.0,0.0,0.0
1785522223.8123345,0.5802937011718751,0.4919202880859375,0.40166409301757816,2.3014812383958194,-2.289041689663152,nan,0.0,0.0,0.0,0.0,0.0,0.0
1785522223.862861,0.5802805786132813,0.4920146179199219,0.40166851806640624,2.3014057103705134,-2.289041689663152,nan,0.0,0.0,0.0,0.0,0.0,0.0
1785522223.912326,0.58037646484375,0.4918592529296875,0.40170159912109377,2.3015702877743314,-2.289041689663152,nan,0.0,0.0,0.0,0.0,0.0,0.0
1785522223.9641097,0.5804210815429688,0.49185427856445313,0.40164114379882815,2.301612078427636,-2.289041689663152,nan,0.0,0.0,0.0,0.0,0.0,0.0
1785522224.0127363,0.5802455444335938,0.4917469177246094,0.4016777648925781,2.300864363962698,-2.289041689663152,nan,0.0,0.0,0.0,0.0,0.0,0.0
1785522224.0630007,0.5802586059570313,0.4919459838867188,0.40167327880859377,2.3008802441419274,-2.289041689663152,nan,0.0,0.0,0.0,0.0,0.0,0.0
1785522224.1123388,0.5802992553710937,0.4918621520996094,0.4016443786621094,2.3017815073647667,-2.289041689663152,nan,0.0,0.0,0.0,0.0,0.0,0.0
1785522224.1623206,0.5804568481445312,0.49186727905273436,0.40163388061523436,2.3019110219385897,-2.289041689663152,nan,0.0,0.0,0.0,0.0,0.0,0.0
1785522224.2128832,0.58034228515625,0.49174588012695314,0.4016165466308594,2.301414879106804,-2.289041689663152,nan,0.0,0.0,0.0,0.0,0.0,0.0
1785522224.2649212,0.580315185546875,0.4918124694824219,0.401690673828125,2.3010617271601825,-2.289041689663152,nan,0.0,0.0,0.0,0.0,0.0,0.0
1785522224.312324,0.5802944946289063,0.4918629455566406,0.401743408203125,2.30161209068493,-2.289041689663152,nan,0.0,0.0,0.0,0.0,0.0,0.0
